series,class,n_test,ql_raw,mae_raw,rmse_raw,mae_nz_raw,rmse_nz_raw,prec0_raw,rec0_raw,f1_raw,tp0_raw,fp0_raw,fn0_raw,ql_trunc,mae_trunc,rmse_trunc,mae_nz_trunc,rmse_nz_trunc,prec0_trunc,rec0_trunc,f1_trunc,tp0_trunc,fp0_trunc,fn0_trunc
part_21053055,intermittent,3,0.666667,1.33333,,2,2,0,0,0,0,0,1,0.666667,1.33333,,2,2,0.333333,1,0.5,1,2,0
part_21091739,intermittent,3,0.333333,0.666667,,1,1,0,0,0,0,0,1,0.333333,0.666667,,1,1,0.333333,1,0.5,1,2,0
part_21314374,intermittent,3,0.166667,0.333333,,1,1,0,0,0,0,0,2,0.166667,0.333333,,1,1,0.666667,1,0.8,2,1,0
part_21068915,intermittent,3,1.74623e-09,3.49246e-09,,,,0,0,0,0,0,3,0,0,,,,1,1,1,3,0,0
part_21313797,intermittent,3,0.167033,0.334066,,0.000733137,0.000733137,0,0,0,0,0,1,0.167033,0.334066,,0.000733137,0.000733137,0,0,0,0,0,1
part_21029651,intermittent,3,0.499674,0.999348,,0.998045,0.998045,0,0,0,0,0,1,0.499674,0.999348,,0.998045,0.998045,0,0,0,0,0,1
part_21048956,intermittent,3,1.16415e-09,2.32831e-09,,,,0,0,0,0,0,3,0,0,,,,1,1,1,3,0,0
part_21053093,intermittent,3,2.91038e-09,5.82077e-09,,,,0,0,0,0,0,3,0,0,,,,1,1,1,3,0,0
part_21057481,intermittent,3,0.333333,0.666667,,1,1,0,0,0,0,0,1,0.333333,0.666667,,1,1,0.333333,1,0.5,1,2,0
part_21137158,intermittent,3,5.82077e-10,1.16415e-09,,,,0,0,0,0,0,3,0,0,,,,1,1,1,3,0,0
part_15369646,intermittent,3,0.499674,0.999348,,0.998045,0.998045,0,0,0,0,0,1,0.499674,0.999348,,0.998045,0.998045,0,0,0,0,0,1
part_21048462,intermittent,3,0.166667,0.333333,,1,1,0,0,0,0,0,2,0.166667,0.333333,,1,1,0.666667,1,0.8,2,1,0
part_21051544,intermittent,3,0.166667,0.333333,,1,1,0,0,0,0,0,2,0.166667,0.333333,,1,1,0.666667,1,0.8,2,1,0
part_21053057,intermittent,3,1.16415e-09,2.32831e-09,,,,0,0,0,0,0,3,0,0,,,,1,1,1,3,0,0
part_21060309,intermittent,3,1.16415e-09,2.32831e-09,,,,0,0,0,0,0,3,0,0,,,,1,1,1,3,0,0
part_21091738,intermittent,3,0.166667,0.333333,,1,1,0,0,0,0,0,2,0.166667,0.333333,,1,1,0.666667,1,0.8,2,1,0
part_21091776,intermittent,3,1.16415e-09,2.32831e-09,,,,0,0,0,0,0,3,0,0,,,,1,1,1,3,0,0
part_90289102,intermittent,3,0.333456,0.666911,,0.666911,1.15428,0,0,0,0,0,0,0.333456,0.666911,,0.666911,1.15428,0,0,0,0,0,0
part_90451378,intermittent,3,0.666667,1.33333,,2,2.23607,0,0,0,0,0,1,0.666667,1.33333,,2,2.23607,0.333333,1,0.5,1,2,0
part_90451465,intermittent,3,0.500367,1.00073,,,,0,0,0,0,0,3,0.500367,1.00073,,,,0,0,0,0,0,3
part_21041727,intermittent,3,2.91038e-09,5.82077e-09,,,,0,0,0,0,0,3,0,0,,,,1,1,1,3,0,0
part_21054756,intermittent,3,2.32831e-09,4.65661e-09,,,,0,0,0,0,0,3,0,0,,,,1,1,1,3,0,0
part_21054788,intermittent,3,1.74623e-09,3.49246e-09,,,,0,0,0,0,0,3,0,0,,,,1,1,1,3,0,0
part_21055097,intermittent,3,1.16415e-09,2.32831e-09,,,,0,0,0,0,0,3,0,0,,,,1,1,1,3,0,0
part_21056274,intermittent,3,3.49246e-09,6.98492e-09,,,,0,0,0,0,0,3,0,0,,,,1,1,1,3,0,0
part_21056514,intermittent,3,0.166667,0.333333,,1,1,0,0,0,0,0,2,0.166667,0.333333,,1,1,0.666667,1,0.8,2,1,0
part_21060750,intermittent,3,5.82077e-10,1.16415e-09,,,,0,0,0,0,0,3,0,0,,,,1,1,1,3,0,0
part_21064875,intermittent,3,0.333333,0.666667,,1,1,0,0,0,0,0,1,0.333333,0.666667,,1,1,0.333333,1,0.5,1,2,0
part_21068004,intermittent,3,0.3337,0.6674,,0.000733137,0.000733137,0,0,0,0,0,2,0.3337,0.6674,,0.000733137,0.000733137,0,0,0,0,0,2
part_21081243,intermittent,3,1.16415e-09,2.32831e-09,,,,0,0,0,0,0,3,0,0,,,,1,1,1,3,0,0
part_21314113,intermittent,3,0.333822,0.667644,,0.502933,0.709183,0,0,0,0,0,1,0.333822,0.667644,,0.502933,0.709183,0,0,0,0,0,1
part_21034119,intermittent,3,0.5,1,,1,1,0,0,0,0,0,0,0.5,1,,1,1,0,0,0,0,3,0
part_21046251,intermittent,3,2.91038e-09,5.82077e-09,,,,0,0,0,0,0,3,0,0,,,,1,1,1,3,0,0
part_21048468,lumpy,3,5.82077e-10,1.16415e-09,,,,0,0,0,0,0,3,0,0,,,,1,1,1,3,0,0
part_21049101,intermittent,3,0.166667,0.333333,,1,1,0,0,0,0,0,2,0.166667,0.333333,,1,1,0.666667,1,0.8,2,1,0
part_21049345,intermittent,3,0.166667,0.333333,,1,1,0,0,0,0,0,2,0.166667,0.333333,,1,1,0.666667,1,0.8,2,1,0
part_21052143,lumpy,3,2.32831e-09,4.65661e-09,,,,0,0,0,0,0,3,0,0,,,,1,1,1,3,0,0
part_21053172,intermittent,3,0.166667,0.333333,,1,1,0,0,0,0,0,2,0.166667,0.333333,,1,1,0.666667,1,0.8,2,1,0
part_21056307,intermittent,3,3.49246e-09,6.98492e-09,,,,0,0,0,0,0,3,0,0,,,,1,1,1,3,0,0
part_21057243,intermittent,3,1.16415e-09,2.32831e-09,,,,0,0,0,0,0,3,0,0,,,,1,1,1,3,0,0
part_21058486,intermittent,3,0.166667,0.333333,,1,1,0,0,0,0,0,2,0.166667,0.333333,,1,1,0.666667,1,0.8,2,1,0
part_21059826,intermittent,3,0.166667,0.333333,,1,1,0,0,0,0,0,2,0.166667,0.333333,,1,1,0.666667,1,0.8,2,1,0
part_21063282,intermittent,3,6.98492e-09,1.39698e-08,,,,0,0,0,0,0,3,0,0,,,,1,1,1,3,0,0
part_21066522,lumpy,3,0.334311,0.668622,,0.00195503,0.00195503,0,0,0,0,0,2,0.334311,0.668622,,0.00195503,0.00195503,0,0,0,0,0,2
part_21068926,intermittent,3,1.74623e-09,3.49246e-09,,,,0,0,0,0,0,3,0,0,,,,1,1,1,3,0,0
part_21091641,intermittent,3,1.16415e-09,2.32831e-09,,,,0,0,0,0,0,3,0,0,,,,1,1,1,3,0,0
part_21135776,intermittent,3,0.666667,1.33333,,1.33333,1.41421,0,0,0,0,0,0,0.666667,1.33333,,1.33333,1.41421,0,0,0,0,3,0
part_21035345,intermittent,3,1.16415e-09,2.32831e-09,,,,0,0,0,0,0,3,0,0,,,,1,1,1,3,0,0
part_21049344,intermittent,3,0.250041,0.500081,,0.500244,0.500244,0,0,0,0,0,1,0.333333,0.666667,,0.500244,0.500244,0.333333,1,0.5,1,2,0
part_21049908,lumpy,3,2.32831e-09,4.65661e-09,,,,0,0,0,0,0,3,0,0,,,,1,1,1,3,0,0
part_21050118,intermittent,3,0.250183,0.500367,,,,0,0,0,0,0,3,0.250183,0.500367,,,,0,0,0,0,0,3
part_21054524,intermittent,3,5.82077e-10,1.16415e-09,,,,0,0,0,0,0,3,0,0,,,,1,1,1,3,0,0
part_21055106,intermittent,3,5.82077e-10,1.16415e-09,,,,0,0,0,0,0,3,0,0,,,,1,1,1,3,0,0
part_21055773,intermittent,3,0.250183,0.500367,,,,0,0,0,0,0,3,0.250183,0.500367,,,,0,0,0,0,0,3
part_21069784,intermittent,3,0.166667,0.333333,,1,1,0,0,0,0,0,2,0.166667,0.333333,,1,1,0.666667,1,0.8,2,1,0
part_21088599,intermittent,3,0.416758,0.833517,,1.00055,1.11853,0,0,0,0,0,1,0.5,1,,1.00055,1.11853,0.333333,1,0.5,1,2,0
part_21091929,intermittent,3,2.32831e-09,4.65661e-09,,,,0,0,0,0,0,3,0,0,,,,1,1,1,3,0,0
part_21312136,intermittent,3,2.32831e-09,4.65661e-09,,,,0,0,0,0,0,3,0,0,,,,1,1,1,3,0,0
part_21315505,intermittent,3,0.166667,0.333333,,1,1,0,0,0,0,0,2,0.166667,0.333333,,1,1,0.666667,1,0.8,2,1,0
part_21034604,intermittent,3,2.91038e-09,5.82077e-09,,,,0,0,0,0,0,3,0,0,,,,1,1,1,3,0,0
part_21046875,intermittent,3,1.16415e-09,2.32831e-09,,,,0,0,0,0,0,3,0,0,,,,1,1,1,3,0,0
part_21049208,intermittent,3,0.166667,0.333333,,1,1,0,0,0,0,0,2,0.166667,0.333333,,1,1,0.666667,1,0.8,2,1,0
part_21050411,intermittent,3,0.249939,0.499878,,0.499633,0.499633,0,0,0,0,0,1,0.249939,0.499878,,0.499633,0.499633,0,0,0,0,0,1
part_21053489,intermittent,3,0.5,1,,1.5,1.58114,0,0,0,0,0,1,0.5,1,,1.5,1.58114,0.333333,1,0.5,1,2,0
part_21054132,intermittent,3,0.166667,0.333333,,1,1,0,0,0,0,0,2,0.166667,0.333333,,1,1,0.666667,1,0.8,2,1,0
part_21054575,intermittent,3,2.91038e-09,5.82077e-09,,,,0,0,0,0,0,3,0,0,,,,1,1,1,3,0,0
part_21054763,lumpy,3,1.16415e-09,2.32831e-09,,,,0,0,0,0,0,3,0,0,,,,1,1,1,3,0,0
part_21057478,intermittent,3,0.166667,0.333333,,1,1,0,0,0,0,0,2,0.166667,0.333333,,1,1,0.666667,1,0.8,2,1,0
part_21058481,intermittent,3,0.5,1,,1,1,0,0,0,0,0,0,0.5,1,,1,1,0,0,0,0,3,0
part_21059366,intermittent,3,2.32831e-09,4.65661e-09,,,,0,0,0,0,0,3,0,0,,,,1,1,1,3,0,0
part_21060802,intermittent,3,1.74623e-09,3.49246e-09,,,,0,0,0,0,0,3,0,0,,,,1,1,1,3,0,0
part_21063074,intermittent,3,0.249878,0.499756,,,,0,0,0,0,0,3,0,0,,,,1,1,1,3,0,0
part_21063128,lumpy,3,1.74623e-09,3.49246e-09,,,,0,0,0,0,0,3,0,0,,,,1,1,1,3,0,0
part_21063276,intermittent,3,1.74623e-09,3.49246e-09,,,,0,0,0,0,0,3,0,0,,,,1,1,1,3,0,0
part_21063285,intermittent,3,1.74623e-09,3.49246e-09,,,,0,0,0,0,0,3,0,0,,,,1,1,1,3,0,0
part_21051523,intermittent,3,0.166667,0.333333,,1,1,0,0,0,0,0,2,0.166667,0.333333,,1,1,0.666667,1,0.8,2,1,0
part_21054577,intermittent,3,0.166667,0.333333,,1,1,0,0,0,0,0,2,0.166667,0.333333,,1,1,0.666667,1,0.8,2,1,0
part_21056927,intermittent,3,0.166667,0.333333,,1,1,0,0,0,0,0,2,0.166667,0.333333,,1,1,0.666667,1,0.8,2,1,0
part_21057234,lumpy,3,1.16415e-09,2.32831e-09,,,,0,0,0,0,0,3,0,0,,,,1,1,1,3,0,0
part_21059355,intermittent,3,2.32831e-09,4.65661e-09,,,,0,0,0,0,0,3,0,0,,,,1,1,1,3,0,0
part_21062996,intermittent,3,0.166667,0.333333,,1,1,0,0,0,0,0,2,0.166667,0.333333,,1,1,0.666667,1,0.8,2,1,0
part_21063040,intermittent,3,0.333333,0.666667,,1,1,0,0,0,0,0,1,0.333333,0.666667,,1,1,0.333333,1,0.5,1,2,0
part_21063131,intermittent,3,1.16415e-09,2.32831e-09,,,,0,0,0,0,0,3,0,0,,,,1,1,1,3,0,0
part_21063293,lumpy,3,1.74623e-09,3.49246e-09,,,,0,0,0,0,0,3,0,0,,,,1,1,1,3,0,0
part_21063312,intermittent,3,0.166667,0.333333,,1,1,0,0,0,0,0,2,0.166667,0.333333,,1,1,0.666667,1,0.8,2,1,0
part_21070196,intermittent,3,4.07454e-09,8.14907e-09,,,,0,0,0,0,0,3,0,0,,,,1,1,1,3,0,0
part_21312114,lumpy,3,2.32831e-09,4.65661e-09,,,,0,0,0,0,0,3,0,0,,,,1,1,1,3,0,0
part_21034225,intermittent,3,0.333333,0.666667,,1,1,0,0,0,0,0,1,0.333333,0.666667,,1,1,0.333333,1,0.5,1,2,0
part_21035077,intermittent,3,2.91038e-09,5.82077e-09,,,,0,0,0,0,0,3,0,0,,,,1,1,1,3,0,0
part_21049124,intermittent,3,0.333333,0.666667,,1,1,0,0,0,0,0,1,0.333333,0.666667,,1,1,0.333333,1,0.5,1,2,0
part_21050806,intermittent,3,1.16415e-09,2.32831e-09,,,,0,0,0,0,0,3,0,0,,,,1,1,1,3,0,0
part_21054143,intermittent,3,0.666667,1.33333,,4,4,0,0,0,0,0,2,0.666667,1.33333,,4,4,0.666667,1,0.8,2,1,0
part_21057242,intermittent,3,1.16415e-09,2.32831e-09,,,,0,0,0,0,0,3,0,0,,,,1,1,1,3,0,0
part_21061145,lumpy,3,0.166667,0.333333,,1,1,0,0,0,0,0,2,0.166667,0.333333,,1,1,0.666667,1,0.8,2,1,0
part_21064864,intermittent,3,0.5,1,,1.5,1.58114,0,0,0,0,0,1,0.5,1,,1.5,1.58114,0.333333,1,0.5,1,2,0
part_21067075,intermittent,3,0.333333,0.666667,,1,1,0,0,0,0,0,1,0.333333,0.666667,,1,1,0.333333,1,0.5,1,2,0
part_21072246,intermittent,3,0.167033,0.334066,,0.000733137,0.000733137,0,0,0,0,0,1,0.167033,0.334066,,0.000733137,0.000733137,0,0,0,0,0,1
part_21081263,intermittent,3,1.16415e-09,2.32831e-09,,,,0,0,0,0,0,3,0,0,,,,1,1,1,3,0,0
part_21086551,intermittent,3,0.166667,0.333333,,1,1,0,0,0,0,0,2,0.166667,0.333333,,1,1,0.666667,1,0.8,2,1,0
part_21091946,intermittent,3,5.82077e-10,1.16415e-09,,,,0,0,0,0,0,3,0,0,,,,1,1,1,3,0,0
part_21104651,intermittent,3,0.166667,0.333333,,1,1,0,0,0,0,0,2,0.166667,0.333333,,1,1,0.666667,1,0.8,2,1,0
part_21105273,intermittent,3,0.666667,1.33333,,2,2,0,0,0,0,0,1,0.666667,1.33333,,2,2,0.333333,1,0.5,1,2,0
part_21122714,intermittent,3,0.166667,0.333333,,1,1,0,0,0,0,0,2,0.166667,0.333333,,1,1,0.666667,1,0.8,2,1,0
part_21312917,intermittent,3,2.91038e-09,5.82077e-09,,,,0,0,0,0,0,3,0,0,,,,1,1,1,3,0,0
part_90147113,intermittent,3,0.33315,0.6663,,0.00109971,0.00109971,0,0,0,0,0,2,0.33315,0.6663,,0.00109971,0.00109971,0,0,0,0,0,2
part_90522960,intermittent,3,0.167155,0.334311,,0.00293255,0.00293255,0,0,0,0,0,1,0.167155,0.334311,,0.00293255,0.00293255,0,0,0,0,0,1
part_90606357,intermittent,3,0.166667,0.333333,,1,1,0,0,0,0,0,2,0.166667,0.333333,,1,1,0.666667,1,0.8,2,1,0
part_90606397,intermittent,3,0.333333,0.666667,,1,1,0,0,0,0,0,1,0.333333,0.666667,,1,1,0.333333,1,0.5,1,2,0
part_90606410,intermittent,3,0.583466,1.16693,,0.499206,0.499206,0,0,0,0,0,2,0.583466,1.16693,,0.499206,0.499206,0,0,0,0,0,2
part_12140431,intermittent,3,0.333333,0.666667,,1,1,0,0,0,0,0,1,0.333333,0.666667,,1,1,0.333333,1,0.5,1,2,0
part_15383265,intermittent,3,0.500367,1.00073,,,,0,0,0,0,0,3,0.500367,1.00073,,,,0,0,0,0,0,3
part_21032487,intermittent,3,0.166667,0.333333,,1,1,0,0,0,0,0,2,0.166667,0.333333,,1,1,0.666667,1,0.8,2,1,0
part_21047886,intermittent,3,2.32831e-09,4.65661e-09,,,,0,0,0,0,0,3,0,0,,,,1,1,1,3,0,0
part_21048405,intermittent,3,0.250061,0.500122,,0.499633,0.499633,0,0,0,0,0,2,0.250061,0.500122,,0.499633,0.499633,0,0,0,0,0,2
part_21048934,intermittent,3,1.74623e-09,3.49246e-09,,,,0,0,0,0,0,3,0,0,,,,1,1,1,3,0,0
part_21051283,intermittent,3,0.166667,0.333333,,1,1,0,0,0,0,0,2,0.166667,0.333333,,1,1,0.666667,1,0.8,2,1,0
part_21051354,intermittent,3,1.74623e-09,3.49246e-09,,,,0,0,0,0,0,3,0,0,,,,1,1,1,3,0,0
part_21052144,intermittent,3,0.500367,1.00073,,,,0,0,0,0,0,3,0.500367,1.00073,,,,0,0,0,0,0,3
part_21052275,intermittent,3,0.249725,0.49945,,,,0,0,0,0,0,3,0,0,,,,1,1,1,3,0,0
part_21052652,intermittent,3,0.5,1,,3,3,0,0,0,0,0,2,0.5,1,,3,3,0.666667,1,0.8,2,1,0
part_21053129,intermittent,3,2.91038e-09,5.82077e-09,,,,0,0,0,0,0,3,0,0,,,,1,1,1,3,0,0
part_21054576,intermittent,3,0.250183,0.500367,,,,0,0,0,0,0,3,0.250183,0.500367,,,,0,0,0,0,0,3
part_21054797,intermittent,3,4.07454e-09,8.14907e-09,,,,0,0,0,0,0,3,0,0,,,,1,1,1,3,0,0
part_21058447,intermittent,3,5.82077e-10,1.16415e-09,,,,0,0,0,0,0,3,0,0,,,,1,1,1,3,0,0
part_21058594,intermittent,3,1.74623e-09,3.49246e-09,,,,0,0,0,0,0,3,0,0,,,,1,1,1,3,0,0
part_21063264,intermittent,3,6.98492e-09,1.39698e-08,,,,0,0,0,0,0,3,0,0,,,,1,1,1,3,0,0
part_21068927,lumpy,3,1.74623e-09,3.49246e-09,,,,0,0,0,0,0,3,0,0,,,,1,1,1,3,0,0
part_21081242,intermittent,3,0.166667,0.333333,,1,1,0,0,0,0,0,2,0.166667,0.333333,,1,1,0.666667,1,0.8,2,1,0
part_21107413,intermittent,3,0.166667,0.333333,,1,1,0,0,0,0,0,2,0.166667,0.333333,,1,1,0.666667,1,0.8,2,1,0
part_21135150,intermittent,3,0.166667,0.333333,,1,1,0,0,0,0,0,2,0.166667,0.333333,,1,1,0.666667,1,0.8,2,1,0
part_21137091,intermittent,3,2.32831e-09,4.65661e-09,,,,0,0,0,0,0,3,0,0,,,,1,1,1,3,0,0
part_21181346,intermittent,3,0.333333,0.666667,,2,2,0,0,0,0,0,2,0.333333,0.666667,,2,2,0.666667,1,0.8,2,1,0
part_21312995,intermittent,3,0.668133,1.33627,,1.33627,1.82788,0,0,0,0,0,0,0.668133,1.33627,,1.33627,1.82788,0,0,0,0,0,0
part_21313042,intermittent,3,0.333252,0.666504,,0.000488758,0.000488758,0,0,0,0,0,2,0.333252,0.666504,,0.000488758,0.000488758,0,0,0,0,0,2
part_21313211,intermittent,3,0.333333,0.666667,,1,1,0,0,0,0,0,1,0.333333,0.666667,,1,1,0.333333,1,0.5,1,2,0
part_21313416,intermittent,3,0.500367,1.00073,,,,0,0,0,0,0,3,0.500367,1.00073,,,,0,0,0,0,0,3
part_21313793,lumpy,3,0.166667,0.333333,,1,1,0,0,0,0,0,2,0.166667,0.333333,,1,1,0.666667,1,0.8,2,1,0
part_21046236,intermittent,3,0.166667,0.333333,,1,1,0,0,0,0,0,2,0.166667,0.333333,,1,1,0.666667,1,0.8,2,1,0
part_21046671,intermittent,3,2.32831e-09,4.65661e-09,,,,0,0,0,0,0,3,0,0,,,,1,1,1,3,0,0
part_21050255,intermittent,3,0.5,1,,1.5,1.58114,0,0,0,0,0,1,0.5,1,,1.5,1.58114,0.333333,1,0.5,1,2,0
part_21053202,intermittent,3,0.332845,0.665689,,0.00293255,0.00293255,0,0,0,0,0,2,0.332845,0.665689,,0.00293255,0.00293255,0,0,0,0,0,2
part_21054757,intermittent,3,2.32831e-09,4.65661e-09,,,,0,0,0,0,0,3,0,0,,,,1,1,1,3,0,0
part_21056539,intermittent,3,0.666667,1.33333,,4,4,0,0,0,0,0,2,0.666667,1.33333,,4,4,0.666667,1,0.8,2,1,0
part_21059289,intermittent,3,3.49246e-09,6.98492e-09,,,,0,0,0,0,0,3,0,0,,,,1,1,1,3,0,0
part_21061883,intermittent,3,0.333303,0.666606,,0.000183225,0.000183225,0,0,0,0,0,2,0.333303,0.666606,,0.000183225,0.000183225,0,0,0,0,0,2
part_21062037,intermittent,3,2.91038e-09,5.82077e-09,,,,0,0,0,0,0,3,0,0,,,,1,1,1,3,0,0
part_21063137,intermittent,3,5.82077e-10,1.16415e-09,,,,0,0,0,0,0,3,0,0,,,,1,1,1,3,0,0
part_21063138,intermittent,3,0.166667,0.333333,,1,1,0,0,0,0,0,2,0.166667,0.333333,,1,1,0.666667,1,0.8,2,1,0
part_21065066,intermittent,3,0.166667,0.333333,,1,1,0,0,0,0,0,2,0.166667,0.333333,,1,1,0.666667,1,0.8,2,1,0
part_21067085,intermittent,3,0.5,1,,3,3,0,0,0,0,0,2,0.5,1,,3,3,0.666667,1,0.8,2,1,0
part_21068943,intermittent,3,1.74623e-09,3.49246e-09,,,,0,0,0,0,0,3,0,0,,,,1,1,1,3,0,0
part_21070702,intermittent,3,0.666667,1.33333,,2,2.23607,0,0,0,0,0,1,0.666667,1.33333,,2,2.23607,0.333333,1,0.5,1,2,0
part_21086286,intermittent,3,0.166667,0.333333,,1,1,0,0,0,0,0,2,0.166667,0.333333,,1,1,0.666667,1,0.8,2,1,0
part_21091640,lumpy,3,0.166667,0.333333,,1,1,0,0,0,0,0,2,0.166667,0.333333,,1,1,0.666667,1,0.8,2,1,0
part_21181873,lumpy,3,0.333333,0.666667,,2,2,0,0,0,0,0,2,0.333333,0.666667,,2,2,0.666667,1,0.8,2,1,0
part_21312500,intermittent,3,0.334311,0.668622,,0.00195503,0.00195503,0,0,0,0,0,2,0.334311,0.668622,,0.00195503,0.00195503,0,0,0,0,0,2
part_21313383,intermittent,3,0.334005,0.668011,,0.00134408,0.00134408,0,0,0,0,0,2,0.334005,0.668011,,0.00134408,0.00134408,0,0,0,0,0,2
part_21019490,lumpy,3,1.33333,2.66667,,2.66667,3.55903,0,0,0,0,0,0,1.33333,2.66667,,2.66667,3.55903,0,0,0,0,3,0
part_21024251,intermittent,3,0.333822,0.667644,,0.502933,0.709183,0,0,0,0,0,1,0.333822,0.667644,,0.502933,0.709183,0,0,0,0,0,1
part_21033751,intermittent,3,0.666667,1.33333,,2,2,0,0,0,0,0,1,0.666667,1.33333,,2,2,0.333333,1,0.5,1,2,0
part_21034006,intermittent,3,0.333333,0.666667,,1,1,0,0,0,0,0,1,0.333333,0.666667,,1,1,0.333333,1,0.5,1,2,0
part_21034066,intermittent,3,0.666667,1.33333,,2,2,0,0,0,0,0,1,0.666667,1.33333,,2,2,0.333333,1,0.5,1,2,0
part_21052125,intermittent,3,0.333333,0.666667,,2,2,0,0,0,0,0,2,0.333333,0.666667,,2,2,0.666667,1,0.8,2,1,0
part_21055177,intermittent,3,0.166667,0.333333,,1,1,0,0,0,0,0,2,0.166667,0.333333,,1,1,0.666667,1,0.8,2,1,0
part_21056677,intermittent,3,0.166667,0.333333,,1,1,0,0,0,0,0,2,0.166667,0.333333,,1,1,0.666667,1,0.8,2,1,0
part_21059275,intermittent,3,0.166667,0.333333,,1,1,0,0,0,0,0,2,0.166667,0.333333,,1,1,0.666667,1,0.8,2,1,0
part_21062036,lumpy,3,2.32831e-09,4.65661e-09,,,,0,0,0,0,0,3,0,0,,,,1,1,1,3,0,0
part_21063305,intermittent,3,5.82077e-10,1.16415e-09,,,,0,0,0,0,0,3,0,0,,,,1,1,1,3,0,0
part_21063325,intermittent,3,1.16415e-09,2.32831e-09,,,,0,0,0,0,0,3,0,0,,,,1,1,1,3,0,0
part_21067084,intermittent,3,0.333333,0.666667,,2,2,0,0,0,0,0,2,0.333333,0.666667,,2,2,0.666667,1,0.8,2,1,0
part_21088598,intermittent,3,0.583517,1.16703,,0.4989,0.4989,0,0,0,0,0,2,0.583517,1.16703,,0.4989,0.4989,0,0,0,0,0,2
part_21134232,intermittent,3,0.333333,0.666667,,2,2,0,0,0,0,0,2,0.333333,0.666667,,2,2,0.666667,1,0.8,2,1,0
part_21135151,lumpy,3,0.166667,0.333333,,1,1,0,0,0,0,0,2,0.166667,0.333333,,1,1,0.666667,1,0.8,2,1,0
part_21312143,intermittent,3,0.500367,1.00073,,,,0,0,0,0,0,3,0.500367,1.00073,,,,0,0,0,0,0,3
part_21312172,intermittent,3,0.166667,0.333333,,1,1,0,0,0,0,0,2,0.166667,0.333333,,1,1,0.666667,1,0.8,2,1,0
part_21312277,intermittent,3,0.333333,0.666667,,2,2,0,0,0,0,0,2,0.333333,0.666667,,2,2,0.666667,1,0.8,2,1,0
part_21312883,intermittent,3,0.416606,0.833211,,0.999633,1.11771,0,0,0,0,0,1,0.416606,0.833211,,0.999633,1.11771,0,0,0,0,0,1
part_21313369,intermittent,3,0.166667,0.333333,,1,1,0,0,0,0,0,2,0.166667,0.333333,,1,1,0.666667,1,0.8,2,1,0
part_21314565,intermittent,3,0.5,1,,1.5,1.58114,0,0,0,0,0,1,0.5,1,,1.5,1.58114,0.333333,1,0.5,1,2,0
part_90479789,lumpy,3,0.916606,1.83321,,2.49963,2.49963,0,0,0,0,0,1,0.916606,1.83321,,2.49963,2.49963,0,0,0,0,0,1
part_90584662,lumpy,3,0.00146627,0.00293255,,0.00293255,0.00293255,0,0,0,0,0,0,0.00146627,0.00293255,,0.00293255,0.00293255,0,0,0,0,0,0
part_90606250,intermittent,3,0.333456,0.666911,,0.5,0.706589,0,0,0,0,0,1,0.333456,0.666911,,0.5,0.706589,0,0,0,0,0,1
part_90606392,intermittent,3,0.500183,1.00037,,1.0011,1.0011,0,0,0,0,0,1,0.500183,1.00037,,1.0011,1.0011,0,0,0,0,0,1
part_21016961,intermittent,3,4.07454e-09,8.14907e-09,,,,0,0,0,0,0,3,0,0,,,,1,1,1,3,0,0
part_21030204,intermittent,3,1.16667,2.33333,,2.33333,2.38048,0,0,0,0,0,0,1.16667,2.33333,,2.33333,2.38048,0,0,0,0,3,0
part_21032485,intermittent,3,2.91038e-09,5.82077e-09,,,,0,0,0,0,0,3,0,0,,,,1,1,1,3,0,0
part_21033750,intermittent,3,1.74623e-09,3.49246e-09,,,,0,0,0,0,0,3,0,0,,,,1,1,1,3,0,0
part_21046543,intermittent,3,0.166667,0.333333,,1,1,0,0,0,0,0,2,0.166667,0.333333,,1,1,0.666667,1,0.8,2,1,0
part_21046547,intermittent,3,3.49246e-09,6.98492e-09,,,,0,0,0,0,0,3,0,0,,,,1,1,1,3,0,0
part_21048955,intermittent,3,0.166667,0.333333,,1,1,0,0,0,0,0,2,0.166667,0.333333,,1,1,0.666667,1,0.8,2,1,0
part_21050468,intermittent,3,0.166667,0.333333,,1,1,0,0,0,0,0,2,0.166667,0.333333,,1,1,0.666667,1,0.8,2,1,0
part_21050508,intermittent,3,0.166667,0.333333,,1,1,0,0,0,0,0,2,0.166667,0.333333,,1,1,0.666667,1,0.8,2,1,0
part_21051327,intermittent,3,5.82077e-10,1.16415e-09,,,,0,0,0,0,0,3,0,0,,,,1,1,1,3,0,0
part_21053127,intermittent,3,3.49246e-09,6.98492e-09,,,,0,0,0,0,0,3,0,0,,,,1,1,1,3,0,0
part_21056181,intermittent,3,5.82077e-10,1.16415e-09,,,,0,0,0,0,0,3,0,0,,,,1,1,1,3,0,0
part_21057235,lumpy,3,1.16415e-09,2.32831e-09,,,,0,0,0,0,0,3,0,0,,,,1,1,1,3,0,0
part_21060135,intermittent,3,0.333333,0.666667,,1,1,0,0,0,0,0,1,0.333333,0.666667,,1,1,0.333333,1,0.5,1,2,0
part_21061142,intermittent,3,1.16415e-09,2.32831e-09,,,,0,0,0,0,0,3,0,0,,,,1,1,1,3,0,0
part_21062994,intermittent,3,5.82077e-10,1.16415e-09,,,,0,0,0,0,0,3,0,0,,,,1,1,1,3,0,0
part_21070192,intermittent,3,4.07454e-09,8.14907e-09,,,,0,0,0,0,0,3,0,0,,,,1,1,1,3,0,0
part_21311669,intermittent,3,0.166891,0.333781,,0.333781,0.576575,0,0,0,0,0,0,0.166891,0.333781,,0.333781,0.576575,0,0,0,0,0,0
part_21312142,intermittent,3,0.166667,0.333333,,1,1,0,0,0,0,0,2,0.166667,0.333333,,1,1,0.666667,1,0.8,2,1,0
part_21312253,intermittent,3,0.166667,0.333333,,1,1,0,0,0,0,0,2,0.166667,0.333333,,1,1,0.666667,1,0.8,2,1,0
part_21314143,intermittent,3,0.333557,0.667115,,0.667115,1.15393,0,0,0,0,0,0,0.333557,0.667115,,0.667115,1.15393,0,0,0,0,0,0
part_21314702,intermittent,3,1.74623e-09,3.49246e-09,,,,0,0,0,0,0,3,0,0,,,,1,1,1,3,0,0
part_90451461,intermittent,3,0.332845,0.665689,,0.00293255,0.00293255,0,0,0,0,0,2,0.332845,0.665689,,0.00293255,0.00293255,0,0,0,0,0,2
part_90497235,intermittent,3,0.750733,1.50147,,1.50147,1.50147,0,0,0,0,0,0,1,2,,1.50147,1.50147,0,0,0,0,3,0
part_90583512,intermittent,3,0.500122,1.00024,,1,1.4137,0,0,0,0,0,1,0.500122,1.00024,,1,1.4137,0,0,0,0,0,1
part_16261030,intermittent,3,3.49246e-09,6.98492e-09,,,,0,0,0,0,0,3,0,0,,,,1,1,1,3,0,0
part_21013634,intermittent,3,5.82077e-10,1.16415e-09,,,,0,0,0,0,0,3,0,0,,,,1,1,1,3,0,0
part_21030397,intermittent,3,0.333333,0.666667,,2,2,0,0,0,0,0,2,0.333333,0.666667,,2,2,0.666667,1,0.8,2,1,0
part_21032890,lumpy,3,4.07454e-09,8.14907e-09,,,,0,0,0,0,0,3,0,0,,,,1,1,1,3,0,0
part_21034268,intermittent,3,5.23869e-09,1.04774e-08,,,,0,0,0,0,0,3,0,0,,,,1,1,1,3,0,0
part_21034595,intermittent,3,0.833333,1.66667,,1.66667,1.91485,0,0,0,0,0,0,0.833333,1.66667,,1.66667,1.91485,0,0,0,0,3,0
part_21034606,lumpy,3,0.666667,1.33333,,2,2.23607,0,0,0,0,0,1,0.666667,1.33333,,2,2.23607,0.333333,1,0.5,1,2,0
part_21048364,lumpy,3,0.166667,0.333333,,1,1,0,0,0,0,0,2,0.166667,0.333333,,1,1,0.666667,1,0.8,2,1,0
part_21052274,intermittent,3,1.74623e-09,3.49246e-09,,,,0,0,0,0,0,3,0,0,,,,1,1,1,3,0,0
part_21054762,intermittent,3,2.91038e-09,5.82077e-09,,,,0,0,0,0,0,3,0,0,,,,1,1,1,3,0,0
part_21057592,lumpy,3,3.49246e-09,6.98492e-09,,,,0,0,0,0,0,3,0,0,,,,1,1,1,3,0,0
part_21060718,intermittent,3,2.32831e-09,4.65661e-09,,,,0,0,0,0,0,3,0,0,,,,1,1,1,3,0,0
part_21064872,intermittent,3,0.167155,0.334311,,0.00293255,0.00293255,0,0,0,0,0,1,0.167155,0.334311,,0.00293255,0.00293255,0,0,0,0,0,1
part_21068942,intermittent,3,1.16415e-09,2.32831e-09,,,,0,0,0,0,0,3,0,0,,,,1,1,1,3,0,0
part_21091859,intermittent,3,1.74623e-09,3.49246e-09,,,,0,0,0,0,0,3,0,0,,,,1,1,1,3,0,0
part_21106416,lumpy,3,0.166667,0.333333,,1,1,0,0,0,0,0,2,0.166667,0.333333,,1,1,0.666667,1,0.8,2,1,0
part_21312182,intermittent,3,0.333333,0.666667,,2,2,0,0,0,0,0,2,0.333333,0.666667,,2,2,0.666667,1,0.8,2,1,0
part_21312885,intermittent,3,0.3337,0.6674,,0.000733137,0.000733137,0,0,0,0,0,2,0.3337,0.6674,,0.000733137,0.000733137,0,0,0,0,0,2
part_21312895,intermittent,3,0.33315,0.6663,,0.00109971,0.00109971,0,0,0,0,0,2,0.33315,0.6663,,0.00109971,0.00109971,0,0,0,0,0,2
part_21314039,intermittent,3,0.833578,1.66716,,0.998534,0.998534,0,0,0,0,0,2,0.833578,1.66716,,0.998534,0.998534,0,0,0,0,0,2
part_21314119,intermittent,3,0.333109,0.666219,,0.666219,0.8154,0,0,0,0,0,0,0.333109,0.666219,,0.666219,0.8154,0,0,0,0,0,0
part_90548704,intermittent,3,0.582906,1.16581,,1.16581,1.50086,0,0,0,0,0,0,0.582906,1.16581,,1.16581,1.50086,0,0,0,0,0,0
part_11108201,lumpy,3,0.167033,0.334066,,0.000733137,0.000733137,0,0,0,0,0,1,0.167033,0.334066,,0.000733137,0.000733137,0,0,0,0,0,1
part_21033970,intermittent,3,2.32831e-09,4.65661e-09,,,,0,0,0,0,0,3,0,0,,,,1,1,1,3,0,0
part_21034935,intermittent,3,1.16415e-09,2.32831e-09,,,,0,0,0,0,0,3,0,0,,,,1,1,1,3,0,0
part_21035397,intermittent,3,0.166667,0.333333,,1,1,0,0,0,0,0,2,0.166667,0.333333,,1,1,0.666667,1,0.8,2,1,0
part_21041722,intermittent,3,1.74623e-09,3.49246e-09,,,,0,0,0,0,0,3,0,0,,,,1,1,1,3,0,0
part_21042114,intermittent,3,0.498534,0.997067,,,,0,0,0,0,0,3,0.498534,0.997067,,,,0,0,0,0,0,3
part_21049285,intermittent,3,0.166667,0.333333,,1,1,0,0,0,0,0,2,0.166667,0.333333,,1,1,0.666667,1,0.8,2,1,0
part_21049876,intermittent,3,2.91038e-09,5.82077e-09,,,,0,0,0,0,0,3,0,0,,,,1,1,1,3,0,0
part_21051373,intermittent,3,0.208415,0.41683,,0.749511,0.749511,0,0,0,0,0,2,0.166667,0.333333,,0.749511,0.749511,0.666667,1,0.8,2,1,0
part_21054643,intermittent,3,0.166667,0.333333,,1,1,0,0,0,0,0,2,0.166667,0.333333,,1,1,0.666667,1,0.8,2,1,0
part_21056575,intermittent,3,1.16415e-09,2.32831e-09,,,,0,0,0,0,0,3,0,0,,,,1,1,1,3,0,0
part_21059288,intermittent,3,2.32831e-09,4.65661e-09,,,,0,0,0,0,0,3,0,0,,,,1,1,1,3,0,0
part_21071150,intermittent,3,0.416911,0.833822,,1.00147,1.11935,0,0,0,0,0,1,0.5,1,,1.00147,1.11935,0.333333,1,0.5,1,2,0
part_21081241,intermittent,3,0.5,1,,1.5,1.58114,0,0,0,0,0,1,0.5,1,,1.5,1.58114,0.333333,1,0.5,1,2,0
part_21104726,intermittent,3,0.583517,1.16703,,1,1.11754,0,0,0,0,0,1,0.583517,1.16703,,1,1.11754,0,0,0,0,0,1
part_21109573,intermittent,3,0.333333,0.666667,,2,2,0,0,0,0,0,2,0.333333,0.666667,,2,2,0.666667,1,0.8,2,1,0
part_21137118,lumpy,3,0.166667,0.333333,,1,1,0,0,0,0,0,2,0.166667,0.333333,,1,1,0.666667,1,0.8,2,1,0
part_21315082,intermittent,3,0.499247,0.998493,,0.998493,1.2875,0,0,0,0,0,0,0.499247,0.998493,,0.998493,1.2875,0,0,0,0,0,0
part_90374976,intermittent,3,0.833456,1.66691,,2.99927,2.99927,0,0,0,0,0,2,0.833456,1.66691,,2.99927,2.99927,0,0,0,0,0,2
part_90520018,lumpy,3,0.333211,0.666422,,0.666422,0.815898,0,0,0,0,0,0,0.333211,0.666422,,0.666422,0.815898,0,0,0,0,0,0
part_90606270,intermittent,3,0.168622,0.337243,,0.337243,0.579617,0,0,0,0,0,0,0.168622,0.337243,,0.337243,0.579617,0,0,0,0,0,0
part_16244051,intermittent,3,3.49246e-09,6.98492e-09,,,,0,0,0,0,0,3,0,0,,,,1,1,1,3,0,0
part_21018046,intermittent,3,5.23869e-09,1.04774e-08,,,,0,0,0,0,0,3,0,0,,,,1,1,1,3,0,0
part_21021948,intermittent,3,5.23869e-09,1.04774e-08,,,,0,0,0,0,0,3,0,0,,,,1,1,1,3,0,0
part_21023689,lumpy,3,0.166667,0.333333,,1,1,0,0,0,0,0,2,0.166667,0.333333,,1,1,0.666667,1,0.8,2,1,0
part_21033094,intermittent,3,4.07454e-09,8.14907e-09,,,,0,0,0,0,0,3,0,0,,,,1,1,1,3,0,0
part_21035349,intermittent,3,2.32831e-09,4.65661e-09,,,,0,0,0,0,0,3,0,0,,,,1,1,1,3,0,0
part_21035443,intermittent,3,0.167155,0.334311,,0.00293255,0.00293255,0,0,0,0,0,1,0.167155,0.334311,,0.00293255,0.00293255,0,0,0,0,0,1
part_21035823,intermittent,3,0.166667,0.333333,,1,1,0,0,0,0,0,2,0.166667,0.333333,,1,1,0.666667,1,0.8,2,1,0
part_21049886,intermittent,3,1.16415e-09,2.32831e-09,,,,0,0,0,0,0,3,0,0,,,,1,1,1,3,0,0
part_21051535,intermittent,3,0.500367,1.00073,,,,0,0,0,0,0,3,0.500367,1.00073,,,,0,0,0,0,0,3
part_21060162,intermittent,3,0.333333,0.666667,,2,2,0,0,0,0,0,2,0.333333,0.666667,,2,2,0.666667,1,0.8,2,1,0
part_21086772,lumpy,3,0.166667,0.333333,,1,1,0,0,0,0,0,2,0.166667,0.333333,,1,1,0.666667,1,0.8,2,1,0
part_21091928,intermittent,3,3.49246e-09,6.98492e-09,,,,0,0,0,0,0,3,0,0,,,,1,1,1,3,0,0
part_21108027,intermittent,3,0.166667,0.333333,,1,1,0,0,0,0,0,2,0.166667,0.333333,,1,1,0.666667,1,0.8,2,1,0
part_21312893,intermittent,3,0.666667,1.33333,,2,2.23607,0,0,0,0,0,1,0.666667,1.33333,,2,2.23607,0.333333,1,0.5,1,2,0
part_21313795,intermittent,3,0.999878,1.99976,,1.99976,2.94342,0,0,0,0,0,0,0.999878,1.99976,,1.99976,2.94342,0,0,0,0,0,0
part_21314137,intermittent,3,0.669355,1.33871,,1.33871,1.41928,0,0,0,0,0,0,0.669355,1.33871,,1.33871,1.41928,0,0,0,0,0,0
part_90374971,intermittent,3,0.666667,1.33333,,4,4,0,0,0,0,0,2,0.666667,1.33333,,4,4,0.666667,1,0.8,2,1,0
part_90480890,intermittent,3,0.333822,0.667644,,0.502933,0.709183,0,0,0,0,0,1,0.333822,0.667644,,0.502933,0.709183,0,0,0,0,0,1
part_90596174,lumpy,3,0.3337,0.6674,,0.000733137,0.000733137,0,0,0,0,0,2,0.3337,0.6674,,0.000733137,0.000733137,0,0,0,0,0,2
part_21032862,lumpy,3,2.32831e-09,4.65661e-09,,,,0,0,0,0,0,3,0,0,,,,1,1,1,3,0,0
part_21033411,intermittent,3,0.416504,0.833007,,0.999022,1.11716,0,0,0,0,0,1,0.416504,0.833007,,0.999022,1.11716,0,0,0,0,0,1
part_21034212,intermittent,3,0.333333,0.666667,,1,1,0,0,0,0,0,1,0.333333,0.666667,,1,1,0.333333,1,0.5,1,2,0
part_21034465,intermittent,3,0.166667,0.333333,,1,1,0,0,0,0,0,2,0.166667,0.333333,,1,1,0.666667,1,0.8,2,1,0
part_21034716,lumpy,3,1.16415e-09,2.32831e-09,,,,0,0,0,0,0,3,0,0,,,,1,1,1,3,0,0
part_21034832,intermittent,3,0.166667,0.333333,,1,1,0,0,0,0,0,2,0.166667,0.333333,,1,1,0.666667,1,0.8,2,1,0
part_21041477,intermittent,3,0.166667,0.333333,,1,1,0,0,0,0,0,2,0.166667,0.333333,,1,1,0.666667,1,0.8,2,1,0
part_21046542,intermittent,3,0.166667,0.333333,,1,1,0,0,0,0,0,2,0.166667,0.333333,,1,1,0.666667,1,0.8,2,1,0
part_21046859,intermittent,3,0.500367,1.00073,,,,0,0,0,0,0,3,0.500367,1.00073,,,,0,0,0,0,0,3
part_21050730,intermittent,3,0.3337,0.6674,,0.000733137,0.000733137,0,0,0,0,0,2,0.3337,0.6674,,0.000733137,0.000733137,0,0,0,0,0,2
part_21051412,intermittent,3,0.333333,0.666667,,1,1,0,0,0,0,0,1,0.333333,0.666667,,1,1,0.333333,1,0.5,1,2,0
part_21054525,intermittent,3,1.74623e-09,3.49246e-09,,,,0,0,0,0,0,3,0,0,,,,1,1,1,3,0,0
part_21056728,intermittent,3,0.333333,0.666667,,1,1,0,0,0,0,0,1,0.333333,0.666667,,1,1,0.333333,1,0.5,1,2,0
part_21057598,intermittent,3,0.333333,0.666667,,2,2,0,0,0,0,0,2,0.333333,0.666667,,2,2,0.666667,1,0.8,2,1,0
part_21058335,intermittent,3,0.166667,0.333333,,1,1,0,0,0,0,0,2,0.166667,0.333333,,1,1,0.666667,1,0.8,2,1,0
part_21063032,intermittent,3,6.98492e-09,1.39698e-08,,,,0,0,0,0,0,3,0,0,,,,1,1,1,3,0,0
part_21068609,intermittent,3,2.32831e-09,4.65661e-09,,,,0,0,0,0,0,3,0,0,,,,1,1,1,3,0,0
part_21104649,intermittent,3,0.249908,0.499817,,0.50055,0.50055,0,0,0,0,0,2,0.166667,0.333333,,0.50055,0.50055,0.666667,1,0.8,2,1,0
part_21109572,intermittent,3,0.000366569,0.000733137,,0.000733137,0.000733137,0,0,0,0,0,0,0.000366569,0.000733137,,0.000733137,0.000733137,0,0,0,0,0,0
part_21122594,intermittent,3,0.333456,0.666911,,0.5,0.706589,0,0,0,0,0,1,0.333456,0.666911,,0.5,0.706589,0,0,0,0,0,1
part_21181917,intermittent,3,1.5,3,,3,4.12311,0,0,0,0,0,0,1.5,3,,3,4.12311,0,0,0,0,3,0
part_21311467,intermittent,3,0.33315,0.6663,,0.00109971,0.00109971,0,0,0,0,0,2,0.33315,0.6663,,0.00109971,0.00109971,0,0,0,0,0,2
part_21312214,intermittent,3,5.82077e-09,1.16415e-08,,,,0,0,0,0,0,3,0,0,,,,1,1,1,3,0,0
part_21312252,intermittent,3,0.666667,1.33333,,2,2,0,0,0,0,0,1,0.666667,1.33333,,2,2,0.333333,1,0.5,1,2,0
part_21312845,intermittent,3,0.333333,0.666667,,1,1,0,0,0,0,0,1,0.333333,0.666667,,1,1,0.333333,1,0.5,1,2,0
part_21314375,intermittent,3,0.249888,0.499776,,0.499328,0.499328,0,0,0,0,0,1,0.249888,0.499776,,0.499328,0.499328,0,0,0,0,0,1
part_90522961,intermittent,3,0.166952,0.333904,,0.00171065,0.00171065,0,0,0,0,0,1,0.166952,0.333904,,0.00171065,0.00171065,0,0,0,0,0,1
part_21017259,intermittent,3,0.751008,1.50202,,,,0,0,0,0,0,3,0.751008,1.50202,,,,0,0,0,0,0,3
part_21022402,intermittent,3,0.5,1,,1.5,1.58114,0,0,0,0,0,1,0.5,1,,1.5,1.58114,0.333333,1,0.5,1,2,0
part_21033269,intermittent,3,0.194414,0.388828,,0.833517,0.833517,0,0,0,0,0,2,0.166667,0.333333,,0.833517,0.833517,0.666667,1,0.8,2,1,0
part_21034453,intermittent,3,3.49246e-09,6.98492e-09,,,,0,0,0,0,0,3,0,0,,,,1,1,1,3,0,0
part_21034936,lumpy,3,2.32831e-09,4.65661e-09,,,,0,0,0,0,0,3,0,0,,,,1,1,1,3,0,0
part_21047486,intermittent,3,0.333333,0.666667,,2,2,0,0,0,0,0,2,0.333333,0.666667,,2,2,0.666667,1,0.8,2,1,0
part_21047887,intermittent,3,0.166667,0.333333,,1,1,0,0,0,0,0,2,0.166667,0.333333,,1,1,0.666667,1,0.8,2,1,0
part_21050175,intermittent,3,1.74623e-09,3.49246e-09,,,,0,0,0,0,0,3,0,0,,,,1,1,1,3,0,0
part_21050779,intermittent,3,0.166667,0.333333,,1,1,0,0,0,0,0,2,0.166667,0.333333,,1,1,0.666667,1,0.8,2,1,0
part_21056468,intermittent,3,0.333333,0.666667,,2,2,0,0,0,0,0,2,0.333333,0.666667,,2,2,0.666667,1,0.8,2,1,0
part_21067082,intermittent,3,0.333333,0.666667,,1,1,0,0,0,0,0,1,0.333333,0.666667,,1,1,0.333333,1,0.5,1,2,0
part_21313746,intermittent,3,2.91038e-09,5.82077e-09,,,,0,0,0,0,0,3,0,0,,,,1,1,1,3,0,0
part_21314263,intermittent,3,0.833822,1.66764,,2.00293,2.00293,0,0,0,0,0,1,0.833822,1.66764,,2.00293,2.00293,0,0,0,0,0,1
part_90581603,lumpy,3,0.500122,1.00024,,0.999267,0.999267,0,0,0,0,0,2,0.500122,1.00024,,0.999267,0.999267,0,0,0,0,0,2
part_90581776,lumpy,3,0.333822,0.667644,,0.502933,0.709183,0,0,0,0,0,1,0.333822,0.667644,,0.502933,0.709183,0,0,0,0,0,1
part_90606354,lumpy,3,5.82077e-10,1.16415e-09,,,,0,0,0,0,0,3,0,0,,,,1,1,1,3,0,0
part_18034464,intermittent,3,3.49246e-09,6.98492e-09,,,,0,0,0,0,0,3,0,0,,,,1,1,1,3,0,0
part_21017975,intermittent,3,0.166667,0.333333,,1,1,0,0,0,0,0,2,0.166667,0.333333,,1,1,0.666667,1,0.8,2,1,0
part_21023078,lumpy,3,0.3337,0.6674,,0.000733137,0.000733137,0,0,0,0,0,2,0.3337,0.6674,,0.000733137,0.000733137,0,0,0,0,0,2
part_21031967,intermittent,3,2.32831e-09,4.65661e-09,,,,0,0,0,0,0,3,0,0,,,,1,1,1,3,0,0
part_21035362,intermittent,3,0.417675,0.835349,,0.502016,0.502016,0,0,0,0,0,1,0.417675,0.835349,,0.502016,0.502016,0,0,0,0,0,1
part_21035832,intermittent,3,0.166667,0.333333,,1,1,0,0,0,0,0,2,0.166667,0.333333,,1,1,0.666667,1,0.8,2,1,0
part_21047029,lumpy,3,0.333333,0.666667,,2,2,0,0,0,0,0,2,0.333333,0.666667,,2,2,0.666667,1,0.8,2,1,0
part_21047098,lumpy,3,1.74623e-09,3.49246e-09,,,,0,0,0,0,0,3,0,0,,,,1,1,1,3,0,0
part_21049185,intermittent,3,3.49246e-09,6.98492e-09,,,,0,0,0,0,0,3,0,0,,,,1,1,1,3,0,0
part_21051396,intermittent,3,1.16415e-09,2.32831e-09,,,,0,0,0,0,0,3,0,0,,,,1,1,1,3,0,0
part_21055155,intermittent,3,0.166667,0.333333,,1,1,0,0,0,0,0,2,0.166667,0.333333,,1,1,0.666667,1,0.8,2,1,0
part_21055761,lumpy,3,2.91038e-09,5.82077e-09,,,,0,0,0,0,0,3,0,0,,,,1,1,1,3,0,0
part_21056634,intermittent,3,3.49246e-09,6.98492e-09,,,,0,0,0,0,0,3,0,0,,,,1,1,1,3,0,0
part_21058079,intermittent,3,0.500367,1.00073,,,,0,0,0,0,0,3,0.500367,1.00073,,,,0,0,0,0,0,3
part_21058480,lumpy,3,0.250183,0.500367,,,,0,0,0,0,0,3,0.250183,0.500367,,,,0,0,0,0,0,3
part_21058483,intermittent,3,0.250183,0.500367,,,,0,0,0,0,0,3,0.250183,0.500367,,,,0,0,0,0,0,3
part_21059248,lumpy,3,4.65661e-09,9.31323e-09,,,,0,0,0,0,0,3,0,0,,,,1,1,1,3,0,0
part_21060682,intermittent,3,6.98492e-09,1.39698e-08,,,,0,0,0,0,0,3,0,0,,,,1,1,1,3,0,0
part_21061863,intermittent,3,0.666667,1.33333,,4,4,0,0,0,0,0,2,0.666667,1.33333,,4,4,0.666667,1,0.8,2,1,0
part_21091923,intermittent,3,0.500367,1.00073,,,,0,0,0,0,0,3,0.500367,1.00073,,,,0,0,0,0,0,3
part_21314365,intermittent,3,0.333333,0.666667,,1,1,0,0,0,0,0,1,0.333333,0.666667,,1,1,0.333333,1,0.5,1,2,0
part_90523906,lumpy,3,0.667155,1.33431,,1.50293,1.58392,0,0,0,0,0,1,0.667155,1.33431,,1.50293,1.58392,0,0,0,0,0,1
part_21023865,intermittent,3,5.23869e-09,1.04774e-08,,,,0,0,0,0,0,3,0,0,,,,1,1,1,3,0,0
part_21031493,intermittent,3,0.500978,1.00196,,,,0,0,0,0,0,3,0.500978,1.00196,,,,0,0,0,0,0,3
part_21032449,intermittent,3,0.41683,0.833659,,1.49902,1.49902,0,0,0,0,0,2,0.41683,0.833659,,1.49902,1.49902,0,0,0,0,0,2
part_21034084,intermittent,3,0.250183,0.500367,,,,0,0,0,0,0,3,0.250183,0.500367,,,,0,0,0,0,0,3
part_21034224,lumpy,3,2.32831e-09,4.65661e-09,,,,0,0,0,0,0,3,0,0,,,,1,1,1,3,0,0
part_21034280,lumpy,3,2.91038e-09,5.82077e-09,,,,0,0,0,0,0,3,0,0,,,,1,1,1,3,0,0
part_21041478,intermittent,3,0.166667,0.333333,,1,1,0,0,0,0,0,2,0.166667,0.333333,,1,1,0.666667,1,0.8,2,1,0
part_21046166,lumpy,3,0.333333,0.666667,,2,2,0,0,0,0,0,2,0.333333,0.666667,,2,2,0.666667,1,0.8,2,1,0
part_21050253,intermittent,3,0.166667,0.333333,,1,1,0,0,0,0,0,2,0.166667,0.333333,,1,1,0.666667,1,0.8,2,1,0
part_21051411,intermittent,3,0.5,1,,3,3,0,0,0,0,0,2,0.5,1,,3,3,0.666667,1,0.8,2,1,0
part_21058334,intermittent,3,2.32831e-09,4.65661e-09,,,,0,0,0,0,0,3,0,0,,,,1,1,1,3,0,0
part_21062992,intermittent,3,0.166667,0.333333,,1,1,0,0,0,0,0,2,0.166667,0.333333,,1,1,0.666667,1,0.8,2,1,0
part_21068924,intermittent,3,2.32831e-09,4.65661e-09,,,,0,0,0,0,0,3,0,0,,,,1,1,1,3,0,0
part_21070197,intermittent,3,0.333333,0.666667,,1,1,0,0,0,0,0,1,0.333333,0.666667,,1,1,0.333333,1,0.5,1,2,0
part_21070205,intermittent,3,0.500122,1.00024,,0.999267,0.999267,0,0,0,0,0,2,0.500122,1.00024,,0.999267,0.999267,0,0,0,0,0,2
part_21123527,lumpy,3,0.5,1,,1.5,1.58114,0,0,0,0,0,1,0.5,1,,1.5,1.58114,0.333333,1,0.5,1,2,0
part_21137098,intermittent,3,4.07454e-09,8.14907e-09,,,,0,0,0,0,0,3,0,0,,,,1,1,1,3,0,0
part_21312156,intermittent,3,1.16415e-09,2.32831e-09,,,,0,0,0,0,0,3,0,0,,,,1,1,1,3,0,0
part_21313733,intermittent,3,6.98492e-09,1.39698e-08,,,,0,0,0,0,0,3,0,0,,,,1,1,1,3,0,0
part_21023866,intermittent,3,4.07454e-09,8.14907e-09,,,,0,0,0,0,0,3,0,0,,,,1,1,1,3,0,0
part_21050466,intermittent,3,0.166667,0.333333,,1,1,0,0,0,0,0,2,0.166667,0.333333,,1,1,0.666667,1,0.8,2,1,0
part_21050718,lumpy,3,1.16415e-09,2.32831e-09,,,,0,0,0,0,0,3,0,0,,,,1,1,1,3,0,0
part_21050795,lumpy,3,0.166667,0.333333,,1,1,0,0,0,0,0,2,0.166667,0.333333,,1,1,0.666667,1,0.8,2,1,0
part_21051064,lumpy,3,4.07454e-09,8.14907e-09,,,,0,0,0,0,0,3,0,0,,,,1,1,1,3,0,0
part_21052284,intermittent,3,1.16415e-09,2.32831e-09,,,,0,0,0,0,0,3,0,0,,,,1,1,1,3,0,0
part_21053571,intermittent,3,0.333333,0.666667,,1,1,0,0,0,0,0,1,0.333333,0.666667,,1,1,0.333333,1,0.5,1,2,0
part_21054133,intermittent,3,1.16415e-09,2.32831e-09,,,,0,0,0,0,0,3,0,0,,,,1,1,1,3,0,0
part_21067083,intermittent,3,2.32831e-09,4.65661e-09,,,,0,0,0,0,0,3,0,0,,,,1,1,1,3,0,0
part_21091858,intermittent,3,0.333333,0.666667,,1,1,0,0,0,0,0,1,0.333333,0.666667,,1,1,0.333333,1,0.5,1,2,0
part_21029644,intermittent,3,0.500978,1.00196,,1.00196,1.00197,0,0,0,0,0,0,0.500978,1.00196,,1.00196,1.00197,0,0,0,0,0,0
part_21033277,lumpy,3,0.333333,0.666667,,2,2,0,0,0,0,0,2,0.333333,0.666667,,2,2,0.666667,1,0.8,2,1,0
part_21035497,intermittent,3,0.416728,0.833456,,1.49963,1.49963,0,0,0,0,0,2,0.416728,0.833456,,1.49963,1.49963,0,0,0,0,0,2
part_21046572,lumpy,3,0.500978,1.00196,,,,0,0,0,0,0,3,0.500978,1.00196,,,,0,0,0,0,0,3
part_21046667,intermittent,3,0.5,1,,3,3,0,0,0,0,0,2,0.5,1,,3,3,0.666667,1,0.8,2,1,0
part_21046853,intermittent,3,1.16415e-09,2.32831e-09,,,,0,0,0,0,0,3,0,0,,,,1,1,1,3,0,0
part_21048978,intermittent,3,2.32831e-09,4.65661e-09,,,,0,0,0,0,0,3,0,0,,,,1,1,1,3,0,0
part_21057559,intermittent,3,2.91038e-09,5.82077e-09,,,,0,0,0,0,0,3,0,0,,,,1,1,1,3,0,0
part_21058857,lumpy,3,2.91038e-09,5.82077e-09,,,,0,0,0,0,0,3,0,0,,,,1,1,1,3,0,0
part_21060715,intermittent,3,0.166667,0.333333,,1,1,0,0,0,0,0,2,0.166667,0.333333,,1,1,0.666667,1,0.8,2,1,0
part_21063275,intermittent,3,3.49246e-09,6.98492e-09,,,,0,0,0,0,0,3,0,0,,,,1,1,1,3,0,0
part_21063277,intermittent,3,1.16415e-09,2.32831e-09,,,,0,0,0,0,0,3,0,0,,,,1,1,1,3,0,0
part_21063304,intermittent,3,0.5,1,,1.5,1.58114,0,0,0,0,0,1,0.5,1,,1.5,1.58114,0.333333,1,0.5,1,2,0
part_21133926,intermittent,3,2.32831e-09,4.65661e-09,,,,0,0,0,0,0,3,0,0,,,,1,1,1,3,0,0
part_21312122,lumpy,3,3.49246e-09,6.98492e-09,,,,0,0,0,0,0,3,0,0,,,,1,1,1,3,0,0
part_21312955,intermittent,3,0.5,1,,1.5,1.58114,0,0,0,0,0,1,0.5,1,,1.5,1.58114,0.333333,1,0.5,1,2,0
part_21314059,intermittent,3,0.666789,1.33358,,1.99927,1.99927,0,0,0,0,0,2,0.666789,1.33358,,1.99927,1.99927,0,0,0,0,0,2
part_21017260,intermittent,3,5.82077e-09,1.16415e-08,,,,0,0,0,0,0,3,0,0,,,,1,1,1,3,0,0
part_21019496,intermittent,3,0.333333,0.666667,,1,1,0,0,0,0,0,1,0.333333,0.666667,,1,1,0.333333,1,0.5,1,2,0
part_21021552,intermittent,3,4.07454e-09,8.14907e-09,,,,0,0,0,0,0,3,0,0,,,,1,1,1,3,0,0
part_21035088,intermittent,3,4.65661e-09,9.31323e-09,,,,0,0,0,0,0,3,0,0,,,,1,1,1,3,0,0
part_21046852,lumpy,3,2.32831e-09,4.65661e-09,,,,0,0,0,0,0,3,0,0,,,,1,1,1,3,0,0
part_21049018,lumpy,3,0.333333,0.666667,,2,2,0,0,0,0,0,2,0.333333,0.666667,,2,2,0.666667,1,0.8,2,1,0
part_21049126,intermittent,3,1.00073,2.00147,,,,0,0,0,0,0,3,1.00073,2.00147,,,,0,0,0,0,0,3
part_21054527,intermittent,3,0.166667,0.333333,,1,1,0,0,0,0,0,2,0.166667,0.333333,,1,1,0.666667,1,0.8,2,1,0
part_21055749,lumpy,3,0.166667,0.333333,,1,1,0,0,0,0,0,2,0.166667,0.333333,,1,1,0.666667,1,0.8,2,1,0
part_21056284,intermittent,3,1.74623e-09,3.49246e-09,,,,0,0,0,0,0,3,0,0,,,,1,1,1,3,0,0
part_21058509,intermittent,3,0.166667,0.333333,,1,1,0,0,0,0,0,2,0.166667,0.333333,,1,1,0.666667,1,0.8,2,1,0
part_21064862,intermittent,3,0.249888,0.499776,,0.499328,0.499328,0,0,0,0,0,1,0.249888,0.499776,,0.499328,0.499328,0,0,0,0,0,1
part_21068925,intermittent,3,2.32831e-09,4.65661e-09,,,,0,0,0,0,0,3,0,0,,,,1,1,1,3,0,0
part_21104728,intermittent,3,0.833333,1.66667,,1.66667,1.91485,0,0,0,0,0,0,0.833333,1.66667,,1.66667,1.91485,0,0,0,0,3,0
part_21104787,intermittent,3,0.333333,0.666667,,2,2,0,0,0,0,0,2,0.333333,0.666667,,2,2,0.666667,1,0.8,2,1,0
part_21105772,intermittent,3,0.167644,0.335288,,0.00195503,0.00195503,0,0,0,0,0,1,0.167644,0.335288,,0.00195503,0.00195503,0,0,0,0,0,1
part_21313043,intermittent,3,1.16532,2.33065,,1.99731,1.99731,0,0,0,0,0,1,1.16532,2.33065,,1.99731,1.99731,0,0,0,0,0,1
part_21315083,intermittent,3,0.750224,1.50045,,1.50045,2.06231,0,0,0,0,0,0,0.750224,1.50045,,1.50045,2.06231,0,0,0,0,0,0
part_12103729,intermittent,3,1,2,,3,3.16228,0,0,0,0,0,1,1,2,,3,3.16228,0.333333,1,0.5,1,2,0
part_21030259,intermittent,3,1.5,3,,3,4.12311,0,0,0,0,0,0,1.5,3,,3,4.12311,0,0,0,0,3,0
part_21033268,intermittent,3,0.333333,0.666667,,2,2,0,0,0,0,0,2,0.333333,0.666667,,2,2,0.666667,1,0.8,2,1,0
part_21034454,intermittent,3,0.249725,0.49945,,,,0,0,0,0,0,3,0,0,,,,1,1,1,3,0,0
part_21035579,intermittent,3,0.583211,1.16642,,1,1.11836,0,0,0,0,0,1,0.583211,1.16642,,1,1.11836,0,0,0,0,0,1
part_21048937,lumpy,3,0.500367,1.00073,,,,0,0,0,0,0,3,0.500367,1.00073,,,,0,0,0,0,0,3
part_21053568,intermittent,3,2.91038e-09,5.82077e-09,,,,0,0,0,0,0,3,0,0,,,,1,1,1,3,0,0
part_21055760,lumpy,3,0.416728,0.833456,,1.49963,1.49963,0,0,0,0,0,2,0.416728,0.833456,,1.49963,1.49963,0,0,0,0,0,2
part_21058479,intermittent,3,0.333333,0.666667,,1,1,0,0,0,0,0,1,0.333333,0.666667,,1,1,0.333333,1,0.5,1,2,0
part_21058693,lumpy,3,0.5,1,,1.5,1.58114,0,0,0,0,0,1,0.5,1,,1.5,1.58114,0.333333,1,0.5,1,2,0
part_21059285,intermittent,3,0.333333,0.666667,,2,2,0,0,0,0,0,2,0.333333,0.666667,,2,2,0.666667,1,0.8,2,1,0
part_21060724,intermittent,3,5.82077e-10,1.16415e-09,,,,0,0,0,0,0,3,0,0,,,,1,1,1,3,0,0
part_21061144,intermittent,3,2.91038e-09,5.82077e-09,,,,0,0,0,0,0,3,0,0,,,,1,1,1,3,0,0
part_21063274,intermittent,3,1.74623e-09,3.49246e-09,,,,0,0,0,0,0,3,0,0,,,,1,1,1,3,0,0
part_21063314,intermittent,3,0.333333,0.666667,,1,1,0,0,0,0,0,1,0.333333,0.666667,,1,1,0.333333,1,0.5,1,2,0
part_21063436,lumpy,3,6.98492e-09,1.39698e-08,,,,0,0,0,0,0,3,0,0,,,,1,1,1,3,0,0
part_21064453,intermittent,3,0.833333,1.66667,,1.66667,1.91485,0,0,0,0,0,0,0.833333,1.66667,,1.66667,1.91485,0,0,0,0,3,0
part_21109834,intermittent,3,0.333333,0.666667,,2,2,0,0,0,0,0,2,0.333333,0.666667,,2,2,0.666667,1,0.8,2,1,0
part_21221007,lumpy,3,0.169355,0.33871,,0.33871,0.580471,0,0,0,0,0,0,0.169355,0.33871,,0.33871,0.580471,0,0,0,0,0,0
part_21312132,lumpy,3,0.500367,1.00073,,,,0,0,0,0,0,3,0.500367,1.00073,,,,0,0,0,0,0,3
part_21312212,intermittent,3,0.5,1,,1,1,0,0,0,0,0,0,0.5,1,,1,1,0,0,0,0,3,0
part_21312217,lumpy,3,4.07454e-09,8.14907e-09,,,,0,0,0,0,0,3,0,0,,,,1,1,1,3,0,0
part_21312254,intermittent,3,0.333557,0.667115,,0.5,0.706157,0,0,0,0,0,1,0.333557,0.667115,,0.5,0.706157,0,0,0,0,0,1
part_90584564,intermittent,3,0.333333,0.666667,,2,2,0,0,0,0,0,2,0.333333,0.666667,,2,2,0.666667,1,0.8,2,1,0
part_10138816,intermittent,3,0.500224,1.00045,,0.998656,0.998656,0,0,0,0,0,2,0.500224,1.00045,,0.998656,0.998656,0,0,0,0,0,2
part_21017388,intermittent,3,0.5,1,,1.5,1.58114,0,0,0,0,0,1,0.5,1,,1.5,1.58114,0.333333,1,0.5,1,2,0
part_21017750,intermittent,3,3.33333,6.66667,,6.66667,8.04156,0,0,0,0,0,0,3.33333,6.66667,,6.66667,8.04156,0,0,0,0,3,0
part_21019488,intermittent,3,1.00055,2.0011,,2.0011,2.16127,0,0,0,0,0,0,1.00055,2.0011,,2.0011,2.16127,0,0,0,0,0,0
part_21021745,lumpy,3,5.23869e-09,1.04774e-08,,,,0,0,0,0,0,3,0,0,,,,1,1,1,3,0,0
part_21051538,lumpy,3,6.98492e-09,1.39698e-08,,,,0,0,0,0,0,3,0,0,,,,1,1,1,3,0,0
part_21058527,intermittent,3,0.166667,0.333333,,1,1,0,0,0,0,0,2,0.166667,0.333333,,1,1,0.666667,1,0.8,2,1,0
part_21061966,intermittent,3,1.16415e-09,2.32831e-09,,,,0,0,0,0,0,3,0,0,,,,1,1,1,3,0,0
part_21064865,intermittent,3,0.166667,0.333333,,1,1,0,0,0,0,0,2,0.166667,0.333333,,1,1,0.666667,1,0.8,2,1,0
part_21116271,intermittent,3,0.500122,1.00024,,0.999267,0.999267,0,0,0,0,0,2,0.500122,1.00024,,0.999267,0.999267,0,0,0,0,0,2
part_21133938,intermittent,3,0.250489,0.500978,,,,0,0,0,0,0,3,0.250489,0.500978,,,,0,0,0,0,0,3
part_21314193,intermittent,3,0.74945,1.4989,,1.4989,1.70686,0,0,0,0,0,0,0.74945,1.4989,,1.4989,1.70686,0,0,0,0,0,0
part_12137642,lumpy,3,0.5,1,,3,3,0,0,0,0,0,2,0.5,1,,3,3,0.666667,1,0.8,2,1,0
part_21032860,lumpy,3,2.32831e-09,4.65661e-09,,,,0,0,0,0,0,3,0,0,,,,1,1,1,3,0,0
part_21035651,intermittent,3,0.499817,0.999633,,1.0011,1.0011,0,0,0,0,0,2,0.499817,0.999633,,1.0011,1.0011,0,0,0,0,0,2
part_21047888,intermittent,3,0.500367,1.00073,,,,0,0,0,0,0,3,0.500367,1.00073,,,,0,0,0,0,0,3
part_21047896,intermittent,3,0.166667,0.333333,,1,1,0,0,0,0,0,2,0.166667,0.333333,,1,1,0.666667,1,0.8,2,1,0
part_21048638,intermittent,3,0.249878,0.499756,,,,0,0,0,0,0,3,0,0,,,,1,1,1,3,0,0
part_21048870,intermittent,3,0.166667,0.333333,,1,1,0,0,0,0,0,2,0.166667,0.333333,,1,1,0.666667,1,0.8,2,1,0
part_21050802,intermittent,3,0.333333,0.666667,,2,2,0,0,0,0,0,2,0.333333,0.666667,,2,2,0.666667,1,0.8,2,1,0
part_21051417,lumpy,3,0.416626,0.833252,,1.50024,1.50024,0,0,0,0,0,2,0.333333,0.666667,,1.50024,1.50024,0.666667,1,0.8,2,1,0
part_21052114,lumpy,3,0.334311,0.668622,,0.00195503,0.00195503,0,0,0,0,0,2,0.334311,0.668622,,0.00195503,0.00195503,0,0,0,0,0,2
part_21056177,intermittent,3,0.333333,0.666667,,1,1,0,0,0,0,0,1,0.333333,0.666667,,1,1,0.333333,1,0.5,1,2,0
part_21056178,lumpy,3,2.32831e-09,4.65661e-09,,,,0,0,0,0,0,3,0,0,,,,1,1,1,3,0,0
part_21056217,lumpy,3,2.32831e-09,4.65661e-09,,,,0,0,0,0,0,3,0,0,,,,1,1,1,3,0,0
part_21056266,intermittent,3,0.166667,0.333333,,1,1,0,0,0,0,0,2,0.166667,0.333333,,1,1,0.666667,1,0.8,2,1,0
part_21061853,intermittent,3,1.33333,2.66667,,4,5,0,0,0,0,0,1,1.33333,2.66667,,4,5,0.333333,1,0.5,1,2,0
part_21061967,intermittent,3,2.91038e-09,5.82077e-09,,,,0,0,0,0,0,3,0,0,,,,1,1,1,3,0,0
part_21088499,lumpy,3,1.74623e-09,3.49246e-09,,,,0,0,0,0,0,3,0,0,,,,1,1,1,3,0,0
part_21117404,intermittent,3,2.91038e-09,5.82077e-09,,,,0,0,0,0,0,3,0,0,,,,1,1,1,3,0,0
part_21312184,intermittent,3,1.00073,2.00147,,,,0,0,0,0,0,3,1.00073,2.00147,,,,0,0,0,0,0,3
part_90422017,lumpy,3,1.66667,3.33333,,3.33333,3.91578,0,0,0,0,0,0,1.66667,3.33333,,3.33333,3.91578,0,0,0,0,3,0
part_90451464,lumpy,3,0.499104,0.998208,,1.00538,1.00538,0,0,0,0,0,2,0.499104,0.998208,,1.00538,1.00538,0,0,0,0,0,2
part_90606298,intermittent,3,0.999104,1.99821,,4.00538,4.00538,0,0,0,0,0,2,0.999104,1.99821,,4.00538,4.00538,0,0,0,0,0,2
part_17103066,intermittent,3,0.3348,0.669599,,0.669599,0.818893,0,0,0,0,0,0,0.3348,0.669599,,0.669599,0.818893,0,0,0,0,0,0
part_21014632,intermittent,3,2.91038e-09,5.82077e-09,,,,0,0,0,0,0,3,0,0,,,,1,1,1,3,0,0
part_21018387,intermittent,3,0.833333,1.66667,,2.5,2.54951,0,0,0,0,0,1,0.833333,1.66667,,2.5,2.54951,0.333333,1,0.5,1,2,0
part_21033748,intermittent,3,0.166667,0.333333,,1,1,0,0,0,0,0,2,0.166667,0.333333,,1,1,0.666667,1,0.8,2,1,0
part_21034631,intermittent,3,0.49945,0.9989,,,,0,0,0,0,0,3,0.49945,0.9989,,,,0,0,0,0,0,3
part_21042126,intermittent,3,5.23869e-09,1.04774e-08,,,,0,0,0,0,0,3,0,0,,,,1,1,1,3,0,0
part_21049510,lumpy,3,4.07454e-09,8.14907e-09,,,,0,0,0,0,0,3,0,0,,,,1,1,1,3,0,0
part_21050807,lumpy,3,0.333333,0.666667,,1,1,0,0,0,0,0,1,0.333333,0.666667,,1,1,0.333333,1,0.5,1,2,0
part_21051281,lumpy,3,3.49246e-09,6.98492e-09,,,,0,0,0,0,0,3,0,0,,,,1,1,1,3,0,0
part_21052646,intermittent,3,0.5,1,,3,3,0,0,0,0,0,2,0.5,1,,3,3,0.666667,1,0.8,2,1,0
part_21052684,lumpy,3,0.166667,0.333333,,1,1,0,0,0,0,0,2,0.166667,0.333333,,1,1,0.666667,1,0.8,2,1,0
part_21056642,intermittent,3,0.166667,0.333333,,1,1,0,0,0,0,0,2,0.166667,0.333333,,1,1,0.666667,1,0.8,2,1,0
part_21056929,intermittent,3,0.249939,0.499878,,0.499633,0.499633,0,0,0,0,0,1,0.249939,0.499878,,0.499633,0.499633,0,0,0,0,0,1
part_21057223,intermittent,3,0.333333,0.666667,,2,2,0,0,0,0,0,2,0.333333,0.666667,,2,2,0.666667,1,0.8,2,1,0
part_21057475,intermittent,3,0.666667,1.33333,,2,2,0,0,0,0,0,1,0.666667,1.33333,,2,2,0.333333,1,0.5,1,2,0
part_21058748,lumpy,3,6.98492e-09,1.39698e-08,,,,0,0,0,0,0,3,0,0,,,,1,1,1,3,0,0
part_21060253,intermittent,3,2.91038e-09,5.82077e-09,,,,0,0,0,0,0,3,0,0,,,,1,1,1,3,0,0
part_21068005,intermittent,3,0.500122,1.00024,,0.999267,0.999267,0,0,0,0,0,2,0.500122,1.00024,,0.999267,0.999267,0,0,0,0,0,2
part_21089114,intermittent,3,1.33878e-08,2.67755e-08,,,,0,0,0,0,0,3,0,0,,,,1,1,1,3,0,0
part_21313011,intermittent,3,0.333985,0.66797,,0.66797,1.15245,0,0,0,0,0,0,0.333985,0.66797,,0.66797,1.15245,0,0,0,0,0,0
part_21314508,intermittent,3,0.417217,0.834433,,0.5011,0.5011,0,0,0,0,0,1,0.417217,0.834433,,0.5011,0.5011,0,0,0,0,0,1
part_21011819,intermittent,3,5.23869e-09,1.04774e-08,,,,0,0,0,0,0,3,0,0,,,,1,1,1,3,0,0
part_21013410,intermittent,3,0.166667,0.333333,,1,1,0,0,0,0,0,2,0.166667,0.333333,,1,1,0.666667,1,0.8,2,1,0
part_21022111,lumpy,3,0.333333,0.666667,,2,2,0,0,0,0,0,2,0.333333,0.666667,,2,2,0.666667,1,0.8,2,1,0
part_21032893,intermittent,3,0.333333,0.666667,,1,1,0,0,0,0,0,1,0.333333,0.666667,,1,1,0.333333,1,0.5,1,2,0
part_21048064,intermittent,3,0.666667,1.33333,,4,4,0,0,0,0,0,2,0.666667,1.33333,,4,4,0.666667,1,0.8,2,1,0
part_21048365,intermittent,3,0.166667,0.333333,,1,1,0,0,0,0,0,2,0.166667,0.333333,,1,1,0.666667,1,0.8,2,1,0
part_21048622,intermittent,3,0.333333,0.666667,,1,1,0,0,0,0,0,1,0.333333,0.666667,,1,1,0.333333,1,0.5,1,2,0
part_21051719,intermittent,3,0.5,1,,1.5,1.58114,0,0,0,0,0,1,0.5,1,,1.5,1.58114,0.333333,1,0.5,1,2,0
part_21051876,intermittent,3,1.16415e-09,2.32831e-09,,,,0,0,0,0,0,3,0,0,,,,1,1,1,3,0,0
part_21058929,lumpy,3,1.16415e-09,2.32831e-09,,,,0,0,0,0,0,3,0,0,,,,1,1,1,3,0,0
part_21062406,intermittent,3,0.166667,0.333333,,1,1,0,0,0,0,0,2,0.166667,0.333333,,1,1,0.666667,1,0.8,2,1,0
part_21063094,lumpy,3,0.333333,0.666667,,1,1,0,0,0,0,0,1,0.333333,0.666667,,1,1,0.333333,1,0.5,1,2,0
part_21134217,intermittent,3,4.07454e-09,8.14907e-09,,,,0,0,0,0,0,3,0,0,,,,1,1,1,3,0,0
part_21312255,lumpy,3,0.666667,1.33333,,1.33333,1.41421,0,0,0,0,0,0,0.666667,1.33333,,1.33333,1.41421,0,0,0,0,3,0
part_21315786,intermittent,3,0.666789,1.33358,,1.99927,1.99927,0,0,0,0,0,2,0.666789,1.33358,,1.99927,1.99927,0,0,0,0,0,2
part_90356826,intermittent,3,1.33022,2.66044,,2.66044,3.15702,0,0,0,0,0,0,1.33022,2.66044,,2.66044,3.15702,0,0,0,0,0,0
part_12355342,lumpy,3,2.91038e-09,5.82077e-09,,,,0,0,0,0,0,3,0,0,,,,1,1,1,3,0,0
part_21024148,lumpy,3,0.583517,1.16703,,1,1.11754,0,0,0,0,0,1,0.583517,1.16703,,1,1.11754,0,0,0,0,0,1
part_21033373,intermittent,3,4.07454e-09,8.14907e-09,,,,0,0,0,0,0,3,0,0,,,,1,1,1,3,0,0
part_21034284,intermittent,3,0.500672,1.00134,,,,0,0,0,0,0,3,0.500672,1.00134,,,,0,0,0,0,0,3
part_21048593,intermittent,3,2.32831e-09,4.65661e-09,,,,0,0,0,0,0,3,0,0,,,,1,1,1,3,0,0
part_21056542,lumpy,3,4.65661e-09,9.31323e-09,,,,0,0,0,0,0,3,0,0,,,,1,1,1,3,0,0
part_21056704,intermittent,3,0.333333,0.666667,,1,1,0,0,0,0,0,1,0.333333,0.666667,,1,1,0.333333,1,0.5,1,2,0
part_21059510,intermittent,3,0.333333,0.666667,,1,1,0,0,0,0,0,1,0.333333,0.666667,,1,1,0.333333,1,0.5,1,2,0
part_21059528,intermittent,3,0.5,1,,1,1,0,0,0,0,0,0,0.5,1,,1,1,0,0,0,0,3,0
part_21066592,intermittent,3,0.333333,0.666667,,2,2,0,0,0,0,0,2,0.333333,0.666667,,2,2,0.666667,1,0.8,2,1,0
part_21069363,intermittent,3,1.74623e-09,3.49246e-09,,,,0,0,0,0,0,3,0,0,,,,1,1,1,3,0,0
part_21071640,intermittent,3,0.170577,0.341153,,0.341153,0.5819,0,0,0,0,0,0,0.170577,0.341153,,0.341153,0.5819,0,0,0,0,0,0
part_12022248,intermittent,3,6.40284e-09,1.28057e-08,,,,0,0,0,0,0,3,0,0,,,,1,1,1,3,0,0
part_18036767,intermittent,3,0.833333,1.66667,,1.66667,1.91485,0,0,0,0,0,0,0.833333,1.66667,,1.66667,1.91485,0,0,0,0,3,0
part_21013541,intermittent,3,2.32831e-09,4.65661e-09,,,,0,0,0,0,0,3,0,0,,,,1,1,1,3,0,0
part_21013553,intermittent,3,0.166667,0.333333,,1,1,0,0,0,0,0,2,0.166667,0.333333,,1,1,0.666667,1,0.8,2,1,0
part_21029765,intermittent,3,0.583252,1.1665,,0.999511,1.1176,0,0,0,0,0,1,0.583252,1.1665,,0.999511,1.1176,0,0,0,0,0,1
part_21047084,intermittent,3,0.499756,0.999511,,,,0,0,0,0,0,3,0.499756,0.999511,,,,0,0,0,0,0,3
part_21052676,intermittent,3,0.498656,0.997312,,0.330645,0.330645,0,0,0,0,0,2,0.498656,0.997312,,0.330645,0.330645,0,0,0,0,0,2
part_21053508,lumpy,3,0.500122,1.00024,,1,1.4137,0,0,0,0,0,1,0.500122,1.00024,,1,1.4137,0,0,0,0,0,1
part_21060734,lumpy,3,3.49246e-09,6.98492e-09,,,,0,0,0,0,0,3,0,0,,,,1,1,1,3,0,0
part_21061924,intermittent,3,4.07454e-09,8.14907e-09,,,,0,0,0,0,0,3,0,0,,,,1,1,1,3,0,0
part_21063273,lumpy,3,0.166667,0.333333,,1,1,0,0,0,0,0,2,0.166667,0.333333,,1,1,0.666667,1,0.8,2,1,0
part_21066555,intermittent,3,0.250489,0.500978,,,,0,0,0,0,0,3,0.250489,0.500978,,,,0,0,0,0,0,3
part_21106817,lumpy,3,0.333333,0.666667,,1,1,0,0,0,0,0,1,0.333333,0.666667,,1,1,0.333333,1,0.5,1,2,0
part_21312225,intermittent,3,0.500672,1.00134,,,,0,0,0,0,0,3,0.500672,1.00134,,,,0,0,0,0,0,3
part_15331575,intermittent,3,3.50147,7.00293,,7.00293,9.14919,0,0,0,0,0,0,3.50147,7.00293,,7.00293,9.14919,0,0,0,0,0,0
part_21034222,intermittent,3,0.5,1,,3,3,0,0,0,0,0,2,0.5,1,,3,3,0.666667,1,0.8,2,1,0
part_21046062,lumpy,3,0.334311,0.668622,,0.00195503,0.00195503,0,0,0,0,0,2,0.334311,0.668622,,0.00195503,0.00195503,0,0,0,0,0,2
part_21046484,intermittent,3,5.82077e-09,1.16415e-08,,,,0,0,0,0,0,3,0,0,,,,1,1,1,3,0,0
part_21046485,lumpy,3,1.74623e-09,3.49246e-09,,,,0,0,0,0,0,3,0,0,,,,1,1,1,3,0,0
part_21046666,intermittent,3,0.500122,1.00024,,0.999267,0.999267,0,0,0,0,0,2,0.500122,1.00024,,0.999267,0.999267,0,0,0,0,0,2
part_21046938,intermittent,3,0.166667,0.333333,,1,1,0,0,0,0,0,2,0.166667,0.333333,,1,1,0.666667,1,0.8,2,1,0
part_21048936,intermittent,3,2.91038e-09,5.82077e-09,,,,0,0,0,0,0,3,0,0,,,,1,1,1,3,0,0
part_21049276,intermittent,3,0.166667,0.333333,,1,1,0,0,0,0,0,2,0.166667,0.333333,,1,1,0.666667,1,0.8,2,1,0
part_21053434,intermittent,3,0.833333,1.66667,,2.5,2.91548,0,0,0,0,0,1,0.833333,1.66667,,2.5,2.91548,0.333333,1,0.5,1,2,0
part_21055115,intermittent,3,0.250183,0.500367,,,,0,0,0,0,0,3,0.250183,0.500367,,,,0,0,0,0,0,3
part_21056869,intermittent,3,0.498534,0.997067,,,,0,0,0,0,0,3,0.498534,0.997067,,,,0,0,0,0,0,3
part_21058877,intermittent,3,2.32831e-09,4.65661e-09,,,,0,0,0,0,0,3,0,0,,,,1,1,1,3,0,0
part_21061892,intermittent,3,6.98492e-09,1.39698e-08,,,,0,0,0,0,0,3,0,0,,,,1,1,1,3,0,0
part_21070583,lumpy,3,0.332845,0.665689,,0.00293255,0.00293255,0,0,0,0,0,2,0.332845,0.665689,,0.00293255,0.00293255,0,0,0,0,0,2
part_21106694,intermittent,3,2.91038e-09,5.82077e-09,,,,0,0,0,0,0,3,0,0,,,,1,1,1,3,0,0
part_21116430,intermittent,3,0.166667,0.333333,,1,1,0,0,0,0,0,2,0.166667,0.333333,,1,1,0.666667,1,0.8,2,1,0
part_21137049,intermittent,3,0.334311,0.668622,,0.00195503,0.00195503,0,0,0,0,0,2,0.334311,0.668622,,0.00195503,0.00195503,0,0,0,0,0,2
part_21052285,intermittent,3,2.32831e-09,4.65661e-09,,,,0,0,0,0,0,3,0,0,,,,1,1,1,3,0,0
part_21054758,lumpy,3,6.98492e-09,1.39698e-08,,,,0,0,0,0,0,3,0,0,,,,1,1,1,3,0,0
part_21056826,intermittent,3,2.91038e-09,5.82077e-09,,,,0,0,0,0,0,3,0,0,,,,1,1,1,3,0,0
part_21058812,intermittent,3,0.166667,0.333333,,1,1,0,0,0,0,0,2,0.166667,0.333333,,1,1,0.666667,1,0.8,2,1,0
part_21061871,intermittent,3,0.249939,0.499878,,0.499633,0.499633,0,0,0,0,0,1,0.249939,0.499878,,0.499633,0.499633,0,0,0,0,0,1
part_21071141,lumpy,3,0.166667,0.333333,,1,1,0,0,0,0,0,2,0.166667,0.333333,,1,1,0.666667,1,0.8,2,1,0
part_21072058,intermittent,3,0.916555,1.83311,,2.49933,2.69196,0,0,0,0,0,1,0.916555,1.83311,,2.49933,2.69196,0,0,0,0,0,1
part_21091901,intermittent,3,0.166667,0.333333,,1,1,0,0,0,0,0,2,0.166667,0.333333,,1,1,0.666667,1,0.8,2,1,0
part_21107304,intermittent,3,0.166667,0.333333,,1,1,0,0,0,0,0,2,0.166667,0.333333,,1,1,0.666667,1,0.8,2,1,0
part_21181177,intermittent,3,0.500285,1.00057,,1.00171,1.00171,0,0,0,0,0,1,0.500285,1.00057,,1.00171,1.00171,0,0,0,0,0,1
part_21012050,intermittent,3,0.333333,0.666667,,1,1,0,0,0,0,0,1,0.333333,0.666667,,1,1,0.333333,1,0.5,1,2,0
part_21033374,intermittent,3,0.249267,0.498534,,,,0,0,0,0,0,3,0,0,,,,1,1,1,3,0,0
part_21046211,lumpy,3,0.5,1,,1,1,0,0,0,0,0,0,0.5,1,,1,1,0,0,0,0,3,0
part_21048454,intermittent,3,0.166667,0.333333,,1,1,0,0,0,0,0,2,0.166667,0.333333,,1,1,0.666667,1,0.8,2,1,0
part_21049512,lumpy,3,0.250489,0.500978,,,,0,0,0,0,0,3,0.250489,0.500978,,,,0,0,0,0,0,3
part_21050849,intermittent,3,4.07454e-09,8.14907e-09,,,,0,0,0,0,0,3,0,0,,,,1,1,1,3,0,0
part_21052104,intermittent,3,0.500367,1.00073,,,,0,0,0,0,0,3,0.500367,1.00073,,,,0,0,0,0,0,3
part_21058856,intermittent,3,0.166667,0.333333,,1,1,0,0,0,0,0,2,0.166667,0.333333,,1,1,0.666667,1,0.8,2,1,0
part_21061893,lumpy,3,5.82077e-10,1.16415e-09,,,,0,0,0,0,0,3,0,0,,,,1,1,1,3,0,0
part_21108822,intermittent,3,0.167155,0.334311,,0.00293255,0.00293255,0,0,0,0,0,1,0.167155,0.334311,,0.00293255,0.00293255,0,0,0,0,0,1
part_21123271,intermittent,3,0.500122,1.00024,,1.00024,1.73163,0,0,0,0,0,0,0.500122,1.00024,,1.00024,1.73163,0,0,0,0,0,0
part_21137160,intermittent,3,0.5,1,,1.5,1.58114,0,0,0,0,0,1,0.5,1,,1.5,1.58114,0.333333,1,0.5,1,2,0
part_21137161,intermittent,3,0.334005,0.668011,,0.00134408,0.00134408,0,0,0,0,0,2,0.334005,0.668011,,0.00134408,0.00134408,0,0,0,0,0,2
part_21312133,intermittent,3,0.166667,0.333333,,1,1,0,0,0,0,0,2,0.166667,0.333333,,1,1,0.666667,1,0.8,2,1,0
part_21312157,lumpy,3,0.166667,0.333333,,1,1,0,0,0,0,0,2,0.166667,0.333333,,1,1,0.666667,1,0.8,2,1,0
part_21312232,lumpy,3,0.5,1,,1.5,1.58114,0,0,0,0,0,1,0.5,1,,1.5,1.58114,0.333333,1,0.5,1,2,0
part_21012717,intermittent,3,0.333517,0.667033,,0.5011,0.707885,0,0,0,0,0,1,0.333517,0.667033,,0.5011,0.707885,0,0,0,0,0,1
part_21014123,intermittent,3,6.98492e-09,1.39698e-08,,,,0,0,0,0,0,3,0,0,,,,1,1,1,3,0,0
part_21047361,intermittent,3,0.5,1,,1,1,0,0,0,0,0,0,0.5,1,,1,1,0,0,0,0,3,0
part_21048535,lumpy,3,2.32831e-09,4.65661e-09,,,,0,0,0,0,0,3,0,0,,,,1,1,1,3,0,0
part_21051274,intermittent,3,0.250489,0.500978,,,,0,0,0,0,0,3,0.250489,0.500978,,,,0,0,0,0,0,3
part_21051522,lumpy,3,4.07454e-09,8.14907e-09,,,,0,0,0,0,0,3,0,0,,,,1,1,1,3,0,0
part_21052136,lumpy,3,4.07454e-09,8.14907e-09,,,,0,0,0,0,0,3,0,0,,,,1,1,1,3,0,0
part_21056306,intermittent,3,2.32831e-09,4.65661e-09,,,,0,0,0,0,0,3,0,0,,,,1,1,1,3,0,0
part_21056665,intermittent,3,0.5,1,,1.5,1.58114,0,0,0,0,0,1,0.5,1,,1.5,1.58114,0.333333,1,0.5,1,2,0
part_21063136,intermittent,3,0.833333,1.66667,,1.66667,1.91485,0,0,0,0,0,0,0.833333,1.66667,,1.66667,1.91485,0,0,0,0,3,0
part_21063242,intermittent,3,4.65661e-09,9.31323e-09,,,,0,0,0,0,0,3,0,0,,,,1,1,1,3,0,0
part_21068619,intermittent,3,0.166667,0.333333,,1,1,0,0,0,0,0,2,0.166667,0.333333,,1,1,0.666667,1,0.8,2,1,0
part_21070104,intermittent,3,0.66742,1.33484,,1,1.00001,0,0,0,0,0,1,0.66742,1.33484,,1,1.00001,0,0,0,0,0,1
part_21091947,intermittent,3,1.16415e-09,2.32831e-09,,,,0,0,0,0,0,3,0,0,,,,1,1,1,3,0,0
part_21108025,intermittent,3,0.250061,0.500122,,0.499633,0.499633,0,0,0,0,0,2,0.250061,0.500122,,0.499633,0.499633,0,0,0,0,0,2
part_21013552,intermittent,3,6.40284e-09,1.28057e-08,,,,0,0,0,0,0,3,0,0,,,,1,1,1,3,0,0
part_21029842,lumpy,3,0.501263,1.00253,,0.5,0.70177,0,0,0,0,0,1,0.501263,1.00253,,0.5,0.70177,0,0,0,0,0,1
part_21035748,lumpy,3,0.333333,0.666667,,2,2,0,0,0,0,0,2,0.333333,0.666667,,2,2,0.666667,1,0.8,2,1,0
part_21041855,intermittent,3,0.333333,0.666667,,1,1,0,0,0,0,0,1,0.333333,0.666667,,1,1,0.333333,1,0.5,1,2,0
part_21048096,intermittent,3,0.666789,1.33358,,1.99927,1.99927,0,0,0,0,0,2,0.666789,1.33358,,1.99927,1.99927,0,0,0,0,0,2
part_21048406,intermittent,3,0.333333,0.666667,,1,1,0,0,0,0,0,1,0.333333,0.666667,,1,1,0.333333,1,0.5,1,2,0
part_21050544,intermittent,3,0.334311,0.668622,,0.00195503,0.00195503,0,0,0,0,0,2,0.334311,0.668622,,0.00195503,0.00195503,0,0,0,0,0,2
part_21060252,intermittent,3,5.82077e-10,1.16415e-09,,,,0,0,0,0,0,3,0,0,,,,1,1,1,3,0,0
part_21063135,intermittent,3,0.166789,0.333578,,,,0,0,0,0,0,3,0,0,,,,1,1,1,3,0,0
part_21091888,intermittent,3,0.333333,0.666667,,1,1,0,0,0,0,0,1,0.333333,0.666667,,1,1,0.333333,1,0.5,1,2,0
part_21107230,intermittent,3,0.5,1,,3,3,0,0,0,0,0,2,0.5,1,,3,3,0.666667,1,0.8,2,1,0
part_21133940,intermittent,3,0.333333,0.666667,,2,2,0,0,0,0,0,2,0.333333,0.666667,,2,2,0.666667,1,0.8,2,1,0
part_21311466,intermittent,3,0.3337,0.6674,,0.000733137,0.000733137,0,0,0,0,0,2,0.3337,0.6674,,0.000733137,0.000733137,0,0,0,0,0,2
part_21312233,intermittent,3,0.3337,0.6674,,0.000733137,0.000733137,0,0,0,0,0,2,0.3337,0.6674,,0.000733137,0.000733137,0,0,0,0,0,2
part_21312559,intermittent,3,6.98492e-09,1.39698e-08,,,,0,0,0,0,0,3,0,0,,,,1,1,1,3,0,0
part_90594858,intermittent,3,1.5,3,,3,3.31662,0,0,0,0,0,0,1.5,3,,3,3.31662,0,0,0,0,3,0
part_21021547,lumpy,3,0.333333,0.666667,,2,2,0,0,0,0,0,2,0.333333,0.666667,,2,2,0.666667,1,0.8,2,1,0
part_21052685,intermittent,3,0.166667,0.333333,,1,1,0,0,0,0,0,2,0.166667,0.333333,,1,1,0.666667,1,0.8,2,1,0
part_21060700,lumpy,3,0.333333,0.666667,,2,2,0,0,0,0,0,2,0.333333,0.666667,,2,2,0.666667,1,0.8,2,1,0
part_21063692,intermittent,3,0.833333,1.66667,,2.5,2.91548,0,0,0,0,0,1,0.833333,1.66667,,2.5,2.91548,0.333333,1,0.5,1,2,0
part_21314575,intermittent,3,0.416728,0.833456,,1.49963,1.49963,0,0,0,0,0,2,0.416728,0.833456,,1.49963,1.49963,0,0,0,0,0,2
part_21034285,intermittent,3,0.498534,0.997067,,,,0,0,0,0,0,3,0.498534,0.997067,,,,0,0,0,0,0,3
part_21046133,intermittent,3,0.333333,0.666667,,1,1,0,0,0,0,0,1,0.333333,0.666667,,1,1,0.333333,1,0.5,1,2,0
part_21048407,intermittent,3,0.5,1,,1.5,1.58114,0,0,0,0,0,1,0.5,1,,1.5,1.58114,0.333333,1,0.5,1,2,0
part_21049037,intermittent,3,0.166667,0.333333,,1,1,0,0,0,0,0,2,0.166667,0.333333,,1,1,0.666667,1,0.8,2,1,0
part_21049599,lumpy,3,5.82077e-10,1.16415e-09,,,,0,0,0,0,0,3,0,0,,,,1,1,1,3,0,0
part_21051555,intermittent,3,0.249267,0.498534,,,,0,0,0,0,0,3,0,0,,,,1,1,1,3,0,0
part_21052889,intermittent,3,0.5,1,,1.5,1.58114,0,0,0,0,0,1,0.5,1,,1.5,1.58114,0.333333,1,0.5,1,2,0
part_21054759,intermittent,3,0.166667,0.333333,,1,1,0,0,0,0,0,2,0.166667,0.333333,,1,1,0.666667,1,0.8,2,1,0
part_21058482,intermittent,3,0.5,1,,1.5,1.58114,0,0,0,0,0,1,0.5,1,,1.5,1.58114,0.333333,1,0.5,1,2,0
part_21059284,intermittent,3,0.166667,0.333333,,1,1,0,0,0,0,0,2,0.166667,0.333333,,1,1,0.666667,1,0.8,2,1,0
part_21063303,intermittent,3,0.833333,1.66667,,2.5,2.54951,0,0,0,0,0,1,0.833333,1.66667,,2.5,2.54951,0.333333,1,0.5,1,2,0
part_21091703,intermittent,3,0.333333,0.666667,,2,2,0,0,0,0,0,2,0.333333,0.666667,,2,2,0.666667,1,0.8,2,1,0
part_21104014,intermittent,3,0.6663,1.3326,,1,1,0,0,0,0,0,1,0.6663,1.3326,,1,1,0,0,0,0,0,1
part_21104613,intermittent,3,0.666667,1.33333,,2,2.23607,0,0,0,0,0,1,0.666667,1.33333,,2,2.23607,0.333333,1,0.5,1,2,0
part_21116488,lumpy,3,0.500122,1.00024,,1,1.4137,0,0,0,0,0,1,0.500122,1.00024,,1,1.4137,0,0,0,0,0,1
part_21137020,intermittent,3,4.07454e-09,8.14907e-09,,,,0,0,0,0,0,3,0,0,,,,1,1,1,3,0,0
part_21137021,intermittent,3,0.666555,1.33311,,0.000672102,0.000672102,0,0,0,0,0,2,0.666555,1.33311,,0.000672102,0.000672102,0,0,0,0,0,2
part_21137097,lumpy,3,2.32831e-09,4.65661e-09,,,,0,0,0,0,0,3,0,0,,,,1,1,1,3,0,0
part_12103728,intermittent,3,1.16667,2.33333,,3.5,4.30116,0,0,0,0,0,1,1.16667,2.33333,,3.5,4.30116,0.333333,1,0.5,1,2,0
part_21033096,intermittent,3,0.333333,0.666667,,1,1,0,0,0,0,0,1,0.333333,0.666667,,1,1,0.333333,1,0.5,1,2,0
part_21033894,lumpy,3,6.40284e-09,1.28057e-08,,,,0,0,0,0,0,3,0,0,,,,1,1,1,3,0,0
part_21048097,intermittent,3,0.500326,1.00065,,0.998045,0.998045,0,0,0,0,0,2,0.500326,1.00065,,0.998045,0.998045,0,0,0,0,0,2
part_21048595,intermittent,3,0.333333,0.666667,,2,2,0,0,0,0,0,2,0.333333,0.666667,,2,2,0.666667,1,0.8,2,1,0
part_21049552,lumpy,3,0.166667,0.333333,,1,1,0,0,0,0,0,2,0.166667,0.333333,,1,1,0.666667,1,0.8,2,1,0
part_21049867,lumpy,3,8.73115e-09,1.74623e-08,,,,0,0,0,0,0,3,0,0,,,,1,1,1,3,0,0
part_21052102,lumpy,3,0.5,1,,1.5,1.58114,0,0,0,0,0,1,0.5,1,,1.5,1.58114,0.333333,1,0.5,1,2,0
part_21062402,intermittent,3,2.32831e-09,4.65661e-09,,,,0,0,0,0,0,3,0,0,,,,1,1,1,3,0,0
part_21063034,intermittent,3,0.166667,0.333333,,1,1,0,0,0,0,0,2,0.166667,0.333333,,1,1,0.666667,1,0.8,2,1,0
part_21106362,intermittent,3,2.91038e-09,5.82077e-09,,,,0,0,0,0,0,3,0,0,,,,1,1,1,3,0,0
part_21312224,intermittent,3,0.166667,0.333333,,1,1,0,0,0,0,0,2,0.166667,0.333333,,1,1,0.666667,1,0.8,2,1,0
part_90595766,intermittent,3,1.00035,2.00069,,2.00069,2.44893,0,0,0,0,0,0,1.00035,2.00069,,2.00069,2.44893,0,0,0,0,0,0
part_15347109,lumpy,3,0.250163,0.500326,,0.499022,0.499022,0,0,0,0,0,2,0.250163,0.500326,,0.499022,0.499022,0,0,0,0,0,2
part_21033526,intermittent,3,0.583517,1.16703,,0.4989,0.4989,0,0,0,0,0,2,0.583517,1.16703,,0.4989,0.4989,0,0,0,0,0,2
part_21034241,intermittent,3,0.5,1,,3,3,0,0,0,0,0,2,0.5,1,,3,3,0.666667,1,0.8,2,1,0
part_21051556,intermittent,3,0.332845,0.665689,,0.00293255,0.00293255,0,0,0,0,0,2,0.332845,0.665689,,0.00293255,0.00293255,0,0,0,0,0,2
part_21052112,intermittent,3,0.250061,0.500122,,0.499633,0.499633,0,0,0,0,0,2,0.250061,0.500122,,0.499633,0.499633,0,0,0,0,0,2
part_21052132,intermittent,3,0.250163,0.500326,,0.499022,0.499022,0,0,0,0,0,2,0.250163,0.500326,,0.499022,0.499022,0,0,0,0,0,2
part_21066554,intermittent,3,0.666667,1.33333,,2,2,0,0,0,0,0,1,0.666667,1.33333,,2,2,0.333333,1,0.5,1,2,0
part_21311647,intermittent,3,0.583456,1.16691,,1.16691,1.50019,0,0,0,0,0,0,0.833333,1.66667,,1.16691,1.50019,0,0,0,0,3,0
part_21313228,intermittent,3,5.82077e-10,1.16415e-09,,,,0,0,0,0,0,3,0,0,,,,1,1,1,3,0,0
part_21029797,intermittent,3,0.666382,1.33276,,2.00171,2.00171,0,0,0,0,0,2,0.666382,1.33276,,2.00171,2.00171,0,0,0,0,0,2
part_21034831,lumpy,3,0.249756,0.499511,,0.501466,0.501466,0,0,0,0,0,2,0.166667,0.333333,,0.501466,0.501466,0.666667,1,0.8,2,1,0
part_21048536,intermittent,3,0.166667,0.333333,,1,1,0,0,0,0,0,2,0.166667,0.333333,,1,1,0.666667,1,0.8,2,1,0
part_21049589,intermittent,3,0.166667,0.333333,,1,1,0,0,0,0,0,2,0.166667,0.333333,,1,1,0.666667,1,0.8,2,1,0
part_21054728,lumpy,3,0.333333,0.666667,,1,1,0,0,0,0,0,1,0.333333,0.666667,,1,1,0.333333,1,0.5,1,2,0
part_21059529,intermittent,3,0.833333,1.66667,,1.66667,1.73205,0,0,0,0,0,0,0.833333,1.66667,,1.66667,1.73205,0,0,0,0,3,0
part_21063134,intermittent,3,0.333333,0.666667,,2,2,0,0,0,0,0,2,0.333333,0.666667,,2,2,0.666667,1,0.8,2,1,0
part_21134634,intermittent,3,0.500978,1.00196,,,,0,0,0,0,0,3,0.500978,1.00196,,,,0,0,0,0,0,3
part_10055165,lumpy,3,0.5,1,,1.5,1.58114,0,0,0,0,0,1,0.5,1,,1.5,1.58114,0.333333,1,0.5,1,2,0
part_18035690,intermittent,3,0.166667,0.333333,,1,1,0,0,0,0,0,2,0.166667,0.333333,,1,1,0.666667,1,0.8,2,1,0
part_21031743,intermittent,3,0.166667,0.333333,,1,1,0,0,0,0,0,2,0.166667,0.333333,,1,1,0.666667,1,0.8,2,1,0
part_21034830,intermittent,3,0.334311,0.668622,,0.00195503,0.00195503,0,0,0,0,0,2,0.334311,0.668622,,0.00195503,0.00195503,0,0,0,0,0,2
part_21056375,intermittent,3,0.498534,0.997067,,,,0,0,0,0,0,3,0.498534,0.997067,,,,0,0,0,0,0,3
part_21057346,intermittent,3,2.32831e-09,4.65661e-09,,,,0,0,0,0,0,3,0,0,,,,1,1,1,3,0,0
part_12031663,intermittent,3,6.98492e-09,1.39698e-08,,,,0,0,0,0,0,3,0,0,,,,1,1,1,3,0,0
part_21018591,intermittent,3,0.499674,0.999348,,0.999348,1.28948,0,0,0,0,0,0,0.499674,0.999348,,0.999348,1.28948,0,0,0,0,0,0
part_21033093,intermittent,3,0.498534,0.997067,,,,0,0,0,0,0,3,0.498534,0.997067,,,,0,0,0,0,0,3
part_21033657,intermittent,3,0.583374,1.16675,,1.50024,1.80298,0,0,0,0,0,1,0.666667,1.33333,,1.50024,1.80298,0.333333,1,0.5,1,2,0
part_21047404,lumpy,3,2.91038e-09,5.82077e-09,,,,0,0,0,0,0,3,0,0,,,,1,1,1,3,0,0
part_21047871,intermittent,3,2.32831e-09,4.65661e-09,,,,0,0,0,0,0,3,0,0,,,,1,1,1,3,0,0
part_21048470,intermittent,3,2.91038e-09,5.82077e-09,,,,0,0,0,0,0,3,0,0,,,,1,1,1,3,0,0
part_21048471,intermittent,3,0.5,1,,1.5,1.58114,0,0,0,0,0,1,0.5,1,,1.5,1.58114,0.333333,1,0.5,1,2,0
part_21048534,intermittent,3,0.333333,0.666667,,1,1,0,0,0,0,0,1,0.333333,0.666667,,1,1,0.333333,1,0.5,1,2,0
part_21055387,intermittent,3,0.499756,0.999511,,,,0,0,0,0,0,3,0.499756,0.999511,,,,0,0,0,0,0,3
part_21104612,intermittent,3,0.333333,0.666667,,1,1,0,0,0,0,0,1,0.333333,0.666667,,1,1,0.333333,1,0.5,1,2,0
part_21122237,lumpy,3,0.668622,1.33724,,1.00391,1.00391,0,0,0,0,0,1,0.668622,1.33724,,1.00391,1.00391,0,0,0,0,0,1
part_21315798,intermittent,3,0.166667,0.333333,,1,1,0,0,0,0,0,2,0.166667,0.333333,,1,1,0.666667,1,0.8,2,1,0
part_21013227,lumpy,3,1.16415e-09,2.32831e-09,,,,0,0,0,0,0,3,0,0,,,,1,1,1,3,0,0
part_21046939,intermittent,3,0.250183,0.500367,,,,0,0,0,0,0,3,0.250183,0.500367,,,,0,0,0,0,0,3
part_21047487,intermittent,3,0.5,1,,3,3,0,0,0,0,0,2,0.5,1,,3,3,0.666667,1,0.8,2,1,0
part_21050773,intermittent,3,0.166667,0.333333,,1,1,0,0,0,0,0,2,0.166667,0.333333,,1,1,0.666667,1,0.8,2,1,0
part_21052133,intermittent,3,0.666667,1.33333,,2,2,0,0,0,0,0,1,0.666667,1.33333,,2,2,0.333333,1,0.5,1,2,0
part_21056262,intermittent,3,2.32831e-09,4.65661e-09,,,,0,0,0,0,0,3,0,0,,,,1,1,1,3,0,0
part_21061894,lumpy,3,0.166667,0.333333,,1,1,0,0,0,0,0,2,0.166667,0.333333,,1,1,0.666667,1,0.8,2,1,0
part_21063073,intermittent,3,2.32831e-09,4.65661e-09,,,,0,0,0,0,0,3,0,0,,,,1,1,1,3,0,0
part_21065332,lumpy,3,0.500367,1.00073,,,,0,0,0,0,0,3,0.500367,1.00073,,,,0,0,0,0,0,3
part_21070193,lumpy,3,0.249939,0.499878,,0.499633,0.499633,0,0,0,0,0,1,0.249939,0.499878,,0.499633,0.499633,0,0,0,0,0,1
part_21081040,intermittent,3,0.166667,0.333333,,1,1,0,0,0,0,0,2,0.166667,0.333333,,1,1,0.666667,1,0.8,2,1,0
part_12356775,intermittent,3,0.250061,0.500122,,0.499633,0.499633,0,0,0,0,0,2,0.250061,0.500122,,0.499633,0.499633,0,0,0,0,0,2
part_21035303,lumpy,3,5.23869e-09,1.04774e-08,,,,0,0,0,0,0,3,0,0,,,,1,1,1,3,0,0
part_21046042,lumpy,3,0.333333,0.666667,,2,2,0,0,0,0,0,2,0.333333,0.666667,,2,2,0.666667,1,0.8,2,1,0
part_21052734,intermittent,3,0.333333,0.666667,,1,1,0,0,0,0,0,1,0.333333,0.666667,,1,1,0.333333,1,0.5,1,2,0
part_21055567,intermittent,3,4.07454e-09,8.14907e-09,,,,0,0,0,0,0,3,0,0,,,,1,1,1,3,0,0
part_21059863,lumpy,3,2.32831e-09,4.65661e-09,,,,0,0,0,0,0,3,0,0,,,,1,1,1,3,0,0
part_21061226,lumpy,3,1.16415e-09,2.32831e-09,,,,0,0,0,0,0,3,0,0,,,,1,1,1,3,0,0
part_21061895,lumpy,3,0.333333,0.666667,,1,1,0,0,0,0,0,1,0.333333,0.666667,,1,1,0.333333,1,0.5,1,2,0
part_21062194,lumpy,3,2.91038e-09,5.82077e-09,,,,0,0,0,0,0,3,0,0,,,,1,1,1,3,0,0
part_21063092,intermittent,3,2.32831e-09,4.65661e-09,,,,0,0,0,0,0,3,0,0,,,,1,1,1,3,0,0
part_21091639,lumpy,3,4.65661e-09,9.31323e-09,,,,0,0,0,0,0,3,0,0,,,,1,1,1,3,0,0
part_21116284,lumpy,3,2.32831e-09,4.65661e-09,,,,0,0,0,0,0,3,0,0,,,,1,1,1,3,0,0
part_21132951,intermittent,3,0.249908,0.499817,,0.50055,0.50055,0,0,0,0,0,2,0.166667,0.333333,,0.50055,0.50055,0.666667,1,0.8,2,1,0
part_21022039,lumpy,3,0.166667,0.333333,,1,1,0,0,0,0,0,2,0.166667,0.333333,,1,1,0.666667,1,0.8,2,1,0
part_21050545,intermittent,3,0.166667,0.333333,,1,1,0,0,0,0,0,2,0.166667,0.333333,,1,1,0.666667,1,0.8,2,1,0
part_21052888,intermittent,3,0.249908,0.499817,,0.50055,0.50055,0,0,0,0,0,2,0.166667,0.333333,,0.50055,0.50055,0.666667,1,0.8,2,1,0
part_21058822,intermittent,3,0.834433,1.66887,,1.0022,1.0022,0,0,0,0,0,1,0.834433,1.66887,,1.0022,1.0022,0,0,0,0,0,1
part_21137137,intermittent,3,0.166667,0.333333,,1,1,0,0,0,0,0,2,0.166667,0.333333,,1,1,0.666667,1,0.8,2,1,0
part_90597832,lumpy,3,1.00126,2.00253,,2.00253,2.9405,0,0,0,0,0,0,1.00126,2.00253,,2.00253,2.9405,0,0,0,0,0,0
part_11111761,intermittent,3,1.33333,2.66667,,2.66667,2.82843,0,0,0,0,0,0,1.33333,2.66667,,2.66667,2.82843,0,0,0,0,3,0
part_11526471,lumpy,3,0.333333,0.666667,,2,2,0,0,0,0,0,2,0.333333,0.666667,,2,2,0.666667,1,0.8,2,1,0
part_21033749,intermittent,3,0.3337,0.6674,,0.000733137,0.000733137,0,0,0,0,0,2,0.3337,0.6674,,0.000733137,0.000733137,0,0,0,0,0,2
part_21035066,intermittent,3,2.91038e-09,5.82077e-09,,,,0,0,0,0,0,3,0,0,,,,1,1,1,3,0,0
part_21041352,lumpy,3,0.166667,0.333333,,1,1,0,0,0,0,0,2,0.166667,0.333333,,1,1,0.666667,1,0.8,2,1,0
part_21048623,lumpy,3,0.5,1,,3,3,0,0,0,0,0,2,0.5,1,,3,3,0.666667,1,0.8,2,1,0
part_21050794,intermittent,3,0.5,1,,1,1,0,0,0,0,0,0,0.5,1,,1,1,0,0,0,0,3,0
part_21056628,intermittent,3,0.166667,0.333333,,1,1,0,0,0,0,0,2,0.166667,0.333333,,1,1,0.666667,1,0.8,2,1,0
part_21061848,intermittent,3,0.166667,0.333333,,1,1,0,0,0,0,0,2,0.166667,0.333333,,1,1,0.666667,1,0.8,2,1,0
part_21122398,lumpy,3,0.166667,0.333333,,1,1,0,0,0,0,0,2,0.166667,0.333333,,1,1,0.666667,1,0.8,2,1,0
part_21134203,intermittent,3,5.82077e-09,1.16415e-08,,,,0,0,0,0,0,3,0,0,,,,1,1,1,3,0,0
part_21011475,intermittent,3,1,2,,3,3.60555,0,0,0,0,0,1,1,2,,3,3.60555,0.333333,1,0.5,1,2,0
part_21047405,intermittent,3,0.250061,0.500122,,0.499633,0.499633,0,0,0,0,0,2,0.250061,0.500122,,0.499633,0.499633,0,0,0,0,0,2
part_21048591,lumpy,3,0.333333,0.666667,,2,2,0,0,0,0,0,2,0.333333,0.666667,,2,2,0.666667,1,0.8,2,1,0
part_21052123,intermittent,3,0.500367,1.00073,,,,0,0,0,0,0,3,0.500367,1.00073,,,,0,0,0,0,0,3
part_21055607,intermittent,3,0.333456,0.666911,,0.5,0.706589,0,0,0,0,0,1,0.333456,0.666911,,0.5,0.706589,0,0,0,0,0,1
part_21062859,lumpy,3,0.250183,0.500367,,,,0,0,0,0,0,3,0.250183,0.500367,,,,0,0,0,0,0,3
part_21091647,intermittent,3,4.65661e-09,9.31323e-09,,,,0,0,0,0,0,3,0,0,,,,1,1,1,3,0,0
part_21134730,intermittent,3,8.73115e-09,1.74623e-08,,,,0,0,0,0,0,3,0,0,,,,1,1,1,3,0,0
part_11065131,lumpy,3,1,2,,2,2,0,0,0,0,0,0,1,2,,2,2,0,0,0,0,3,0
part_11103872,lumpy,3,1.66667,3.33333,,5,5.83095,0,0,0,0,0,1,1.66667,3.33333,,5,5.83095,0.333333,1,0.5,1,2,0
part_12356019,lumpy,3,0.166667,0.333333,,1,1,0,0,0,0,0,2,0.166667,0.333333,,1,1,0.666667,1,0.8,2,1,0
part_21012353,intermittent,3,0.666667,1.33333,,4,4,0,0,0,0,0,2,0.666667,1.33333,,4,4,0.666667,1,0.8,2,1,0
part_21034596,intermittent,3,0.416483,0.832967,,0.832967,0.956853,0,0,0,0,0,0,0.416483,0.832967,,0.832967,0.956853,0,0,0,0,0,0
part_21056654,lumpy,3,1.16415e-09,2.32831e-09,,,,0,0,0,0,0,3,0,0,,,,1,1,1,3,0,0
part_21056925,intermittent,3,0.250183,0.500367,,,,0,0,0,0,0,3,0.250183,0.500367,,,,0,0,0,0,0,3
part_21101075,intermittent,3,0.500733,1.00147,,1.00147,1.00147,0,0,0,0,0,0,0.500733,1.00147,,1.00147,1.00147,0,0,0,0,0,0
part_12127140,lumpy,3,0.5,1,,1.5,1.58114,0,0,0,0,0,1,0.5,1,,1.5,1.58114,0.333333,1,0.5,1,2,0
part_21017957,lumpy,3,6.98492e-09,1.39698e-08,,,,0,0,0,0,0,3,0,0,,,,1,1,1,3,0,0
part_21035344,intermittent,3,0.166667,0.333333,,1,1,0,0,0,0,0,2,0.166667,0.333333,,1,1,0.666667,1,0.8,2,1,0
part_21047220,intermittent,3,1.33333,2.66667,,4,4,0,0,0,0,0,1,1.33333,2.66667,,4,4,0.333333,1,0.5,1,2,0
part_21058332,intermittent,3,4.07454e-09,8.14907e-09,,,,0,0,0,0,0,3,0,0,,,,1,1,1,3,0,0
part_21060762,lumpy,3,4.65661e-09,9.31323e-09,,,,0,0,0,0,0,3,0,0,,,,1,1,1,3,0,0
part_21312115,intermittent,3,0.334311,0.668622,,0.00195503,0.00195503,0,0,0,0,0,2,0.334311,0.668622,,0.00195503,0.00195503,0,0,0,0,0,2
part_21312173,lumpy,3,0.3337,0.6674,,0.000733137,0.000733137,0,0,0,0,0,2,0.3337,0.6674,,0.000733137,0.000733137,0,0,0,0,0,2
part_21033752,lumpy,3,0.333333,0.666667,,2,2,0,0,0,0,0,2,0.333333,0.666667,,2,2,0.666667,1,0.8,2,1,0
part_21048871,lumpy,3,0.5,1,,1.5,1.58114,0,0,0,0,0,1,0.5,1,,1.5,1.58114,0.333333,1,0.5,1,2,0
part_21049201,intermittent,3,0.166667,0.333333,,1,1,0,0,0,0,0,2,0.166667,0.333333,,1,1,0.666667,1,0.8,2,1,0
part_21049275,smooth,3,1.74623e-09,3.49246e-09,,,,0,0,0,0,0,3,0,0,,,,1,1,1,3,0,0
part_21049889,intermittent,3,8.14907e-09,1.62981e-08,,,,0,0,0,0,0,3,0,0,,,,1,1,1,3,0,0
part_21051063,intermittent,3,0.5,1,,3,3,0,0,0,0,0,2,0.5,1,,3,3,0.666667,1,0.8,2,1,0
part_21055606,intermittent,3,0.666667,1.33333,,4,4,0,0,0,0,0,2,0.666667,1.33333,,4,4,0.666667,1,0.8,2,1,0
part_21056459,intermittent,3,0.333333,0.666667,,2,2,0,0,0,0,0,2,0.333333,0.666667,,2,2,0.666667,1,0.8,2,1,0
part_21061925,intermittent,3,0.500978,1.00196,,,,0,0,0,0,0,3,0.500978,1.00196,,,,0,0,0,0,0,3
part_21063123,intermittent,3,0.166667,0.333333,,1,1,0,0,0,0,0,2,0.166667,0.333333,,1,1,0.666667,1,0.8,2,1,0
part_21091698,intermittent,3,4.65661e-09,9.31323e-09,,,,0,0,0,0,0,3,0,0,,,,1,1,1,3,0,0
part_21311627,lumpy,3,1,2,,2,2.44949,0,0,0,0,0,0,1,2,,2,2.44949,0,0,0,0,3,0
part_21312226,erratic,3,4.07454e-09,8.14907e-09,,,,0,0,0,0,0,3,0,0,,,,1,1,1,3,0,0
part_52465730,lumpy,3,0.3337,0.6674,,0.000733137,0.000733137,0,0,0,0,0,2,0.3337,0.6674,,0.000733137,0.000733137,0,0,0,0,0,2
part_90451443,intermittent,3,1.00147,2.00293,,2.00293,2.00293,0,0,0,0,0,0,1.00147,2.00293,,2.00293,2.00293,0,0,0,0,0,0
part_21014146,lumpy,3,0.5,1,,1,1,0,0,0,0,0,0,0.5,1,,1,1,0,0,0,0,3,0
part_21034213,smooth,3,0.166667,0.333333,,1,1,0,0,0,0,0,2,0.166667,0.333333,,1,1,0.666667,1,0.8,2,1,0
part_21046809,intermittent,3,0.834066,1.66813,,1.00147,1.00147,0,0,0,0,0,2,0.834066,1.66813,,1.00147,1.00147,0,0,0,0,0,2
part_21048620,intermittent,3,0.666667,1.33333,,1.33333,1.41421,0,0,0,0,0,0,0.666667,1.33333,,1.33333,1.41421,0,0,0,0,3,0
part_21056833,intermittent,3,0.583425,1.16685,,1.50055,1.80323,0,0,0,0,0,1,0.666667,1.33333,,1.50055,1.80323,0.333333,1,0.5,1,2,0
part_21048450,lumpy,3,0.166667,0.333333,,1,1,0,0,0,0,0,2,0.166667,0.333333,,1,1,0.666667,1,0.8,2,1,0
part_21070195,intermittent,3,0.583822,1.16764,,1,1.11673,0,0,0,0,0,1,0.583822,1.16764,,1,1.11673,0,0,0,0,0,1
part_21091900,lumpy,3,0.333333,0.666667,,2,2,0,0,0,0,0,2,0.333333,0.666667,,2,2,0.666667,1,0.8,2,1,0
part_21107231,intermittent,3,0.500122,1.00024,,0.999267,0.999267,0,0,0,0,0,2,0.500122,1.00024,,0.999267,0.999267,0,0,0,0,0,2
part_21107872,intermittent,3,0.333333,0.666667,,2,2,0,0,0,0,0,2,0.333333,0.666667,,2,2,0.666667,1,0.8,2,1,0
part_21134533,intermittent,3,0.333333,0.666667,,2,2,0,0,0,0,0,2,0.333333,0.666667,,2,2,0.666667,1,0.8,2,1,0
part_21134808,smooth,3,0.333333,0.666667,,2,2,0,0,0,0,0,2,0.333333,0.666667,,2,2,0.666667,1,0.8,2,1,0
part_21135148,intermittent,3,0.333333,0.666667,,1,1,0,0,0,0,0,1,0.333333,0.666667,,1,1,0.333333,1,0.5,1,2,0
part_21312263,intermittent,3,0.5,1,,1,1,0,0,0,0,0,0,0.5,1,,1,1,0,0,0,0,3,0
part_21012697,intermittent,3,0.666993,1.33399,,1.99804,1.99804,0,0,0,0,0,2,0.666993,1.33399,,1.99804,1.99804,0,0,0,0,0,2
part_21050889,lumpy,3,0.333517,0.667033,,0.5011,0.707885,0,0,0,0,0,1,0.333517,0.667033,,0.5011,0.707885,0,0,0,0,0,1
part_21051002,intermittent,3,0.166667,0.333333,,1,1,0,0,0,0,0,2,0.166667,0.333333,,1,1,0.666667,1,0.8,2,1,0
part_21052145,intermittent,3,0.500367,1.00073,,,,0,0,0,0,0,3,0.500367,1.00073,,,,0,0,0,0,0,3
part_21054679,intermittent,3,0.498534,0.997067,,,,0,0,0,0,0,3,0.498534,0.997067,,,,0,0,0,0,0,3
part_21069647,intermittent,3,0.666667,1.33333,,4,4,0,0,0,0,0,2,0.666667,1.33333,,4,4,0.666667,1,0.8,2,1,0
part_21052115,intermittent,3,0.5,1,,1.5,1.58114,0,0,0,0,0,1,0.5,1,,1.5,1.58114,0.333333,1,0.5,1,2,0
part_21058813,lumpy,3,0.334311,0.668622,,0.00195503,0.00195503,0,0,0,0,0,2,0.334311,0.668622,,0.00195503,0.00195503,0,0,0,0,0,2
part_21312222,lumpy,3,0.333333,0.666667,,1,1,0,0,0,0,0,1,0.333333,0.666667,,1,1,0.333333,1,0.5,1,2,0
part_21048577,smooth,3,0.666667,1.33333,,2,2,0,0,0,0,0,1,0.666667,1.33333,,2,2,0.333333,1,0.5,1,2,0
part_21054678,smooth,3,1.00073,2.00147,,,,0,0,0,0,0,3,1.00073,2.00147,,,,0,0,0,0,0,3
part_21063095,lumpy,3,0.333333,0.666667,,1,1,0,0,0,0,0,1,0.333333,0.666667,,1,1,0.333333,1,0.5,1,2,0
part_21069114,intermittent,3,0.166667,0.333333,,1,1,0,0,0,0,0,2,0.166667,0.333333,,1,1,0.666667,1,0.8,2,1,0
part_21091638,smooth,3,0.249908,0.499817,,0.50055,0.50055,0,0,0,0,0,2,0.166667,0.333333,,0.50055,0.50055,0.666667,1,0.8,2,1,0
part_21107888,erratic,3,0.333333,0.666667,,2,2,0,0,0,0,0,2,0.333333,0.666667,,2,2,0.666667,1,0.8,2,1,0
part_21108390,intermittent,3,0.166667,0.333333,,1,1,0,0,0,0,0,2,0.166667,0.333333,,1,1,0.666667,1,0.8,2,1,0
part_21312174,lumpy,3,0.333333,0.666667,,2,2,0,0,0,0,0,2,0.333333,0.666667,,2,2,0.666667,1,0.8,2,1,0
part_21314506,intermittent,3,0.5,1,,1.5,1.58114,0,0,0,0,0,1,0.5,1,,1.5,1.58114,0.333333,1,0.5,1,2,0
part_12076931,lumpy,3,0.666667,1.33333,,2,2.23607,0,0,0,0,0,1,0.666667,1.33333,,2,2.23607,0.333333,1,0.5,1,2,0
part_21034578,lumpy,3,6.98492e-09,1.39698e-08,,,,0,0,0,0,0,3,0,0,,,,1,1,1,3,0,0
part_21035364,intermittent,3,0.500224,1.00045,,0.998656,0.998656,0,0,0,0,0,2,0.500224,1.00045,,0.998656,0.998656,0,0,0,0,0,2
part_21047882,intermittent,3,0.9174,1.8348,,1.8348,2.21857,0,0,0,0,0,0,1.16667,2.33333,,1.8348,2.21857,0,0,0,0,3,0
part_21050890,lumpy,3,0.250244,0.500489,,0.501466,0.501466,0,0,0,0,0,1,0.333333,0.666667,,0.501466,0.501466,0.333333,1,0.5,1,2,0
part_21050898,intermittent,3,0.333333,0.666667,,1,1,0,0,0,0,0,1,0.333333,0.666667,,1,1,0.333333,1,0.5,1,2,0
part_21052683,smooth,3,0.666667,1.33333,,4,4,0,0,0,0,0,2,0.666667,1.33333,,4,4,0.666667,1,0.8,2,1,0
part_21062404,intermittent,3,3.49246e-09,6.98492e-09,,,,0,0,0,0,0,3,0,0,,,,1,1,1,3,0,0
part_21031883,lumpy,3,0.333333,0.666667,,2,2,0,0,0,0,0,2,0.333333,0.666667,,2,2,0.666667,1,0.8,2,1,0
part_21033025,smooth,3,8.14907e-09,1.62981e-08,,,,0,0,0,0,0,3,0,0,,,,1,1,1,3,0,0
part_21033540,erratic,3,4.07454e-09,8.14907e-09,,,,0,0,0,0,0,3,0,0,,,,1,1,1,3,0,0
part_21048639,smooth,3,1.74623e-09,3.49246e-09,,,,0,0,0,0,0,3,0,0,,,,1,1,1,3,0,0
part_21050252,intermittent,3,0.500367,1.00073,,,,0,0,0,0,0,3,0.500367,1.00073,,,,0,0,0,0,0,3
part_21062195,lumpy,3,2.91038e-09,5.82077e-09,,,,0,0,0,0,0,3,0,0,,,,1,1,1,3,0,0
part_21312175,lumpy,3,0.41683,0.833659,,1.49902,1.49902,0,0,0,0,0,2,0.41683,0.833659,,1.49902,1.49902,0,0,0,0,0,2
part_21312272,intermittent,3,0.250061,0.500122,,0.499633,0.499633,0,0,0,0,0,2,0.250061,0.500122,,0.499633,0.499633,0,0,0,0,0,2
part_21035856,intermittent,3,4.65661e-09,9.31323e-09,,,,0,0,0,0,0,3,0,0,,,,1,1,1,3,0,0
part_21060752,lumpy,3,6.40284e-09,1.28057e-08,,,,0,0,0,0,0,3,0,0,,,,1,1,1,3,0,0
part_21071091,intermittent,3,1.16679,2.33358,,4.99927,4.99927,0,0,0,0,0,2,1.16679,2.33358,,4.99927,4.99927,0,0,0,0,0,2
part_21134267,intermittent,3,0.167155,0.334311,,0.00293255,0.00293255,0,0,0,0,0,1,0.167155,0.334311,,0.00293255,0.00293255,0,0,0,0,0,1
part_21019426,intermittent,3,3,6,,6,7.39369,0,0,0,0,0,0,3,6,,6,7.39369,0,0,0,0,3,0
part_21022236,intermittent,3,0.333333,0.666667,,2,2,0,0,0,0,0,2,0.333333,0.666667,,2,2,0.666667,1,0.8,2,1,0
part_21026095,lumpy,3,0.666667,1.33333,,4,4,0,0,0,0,0,2,0.666667,1.33333,,4,4,0.666667,1,0.8,2,1,0
part_21034737,intermittent,3,1.16415e-09,2.32831e-09,,,,0,0,0,0,0,3,0,0,,,,1,1,1,3,0,0
part_21047067,intermittent,3,0.250489,0.500978,,,,0,0,0,0,0,3,0.250489,0.500978,,,,0,0,0,0,0,3
part_21048455,erratic,3,0.250163,0.500326,,0.499022,0.499022,0,0,0,0,0,2,0.250163,0.500326,,0.499022,0.499022,0,0,0,0,0,2
part_21050925,lumpy,3,0.166667,0.333333,,1,1,0,0,0,0,0,2,0.166667,0.333333,,1,1,0.666667,1,0.8,2,1,0
part_21055609,intermittent,3,0.750061,1.50012,,3.49963,3.49963,0,0,0,0,0,2,0.750061,1.50012,,3.49963,3.49963,0,0,0,0,0,2
part_21057766,smooth,3,6.40284e-09,1.28057e-08,,,,0,0,0,0,0,3,0,0,,,,1,1,1,3,0,0
part_21062860,intermittent,3,0.500367,1.00073,,,,0,0,0,0,0,3,0.500367,1.00073,,,,0,0,0,0,0,3
part_21063536,erratic,3,0.333333,0.666667,,1,1,0,0,0,0,0,1,0.333333,0.666667,,1,1,0.333333,1,0.5,1,2,0
part_21312223,intermittent,3,0.5,1,,1.5,1.58114,0,0,0,0,0,1,0.5,1,,1.5,1.58114,0.333333,1,0.5,1,2,0
part_21049287,erratic,3,3.49246e-09,6.98492e-09,,,,0,0,0,0,0,3,0,0,,,,1,1,1,3,0,0
part_21035604,intermittent,3,5.82077e-10,1.16415e-09,,,,0,0,0,0,0,3,0,0,,,,1,1,1,3,0,0
part_21046408,lumpy,3,0.667318,1.33464,,1,1.41145,0,0,0,0,0,1,0.667318,1.33464,,1,1.41145,0,0,0,0,0,1
part_21050467,intermittent,3,0.166667,0.333333,,1,1,0,0,0,0,0,2,0.166667,0.333333,,1,1,0.666667,1,0.8,2,1,0
part_21053096,intermittent,3,0.5,1,,1.5,1.58114,0,0,0,0,0,1,0.5,1,,1.5,1.58114,0.333333,1,0.5,1,2,0
part_21062853,intermittent,3,1.16415e-09,2.32831e-09,,,,0,0,0,0,0,3,0,0,,,,1,1,1,3,0,0
part_21069271,intermittent,3,0.666667,1.33333,,2,2,0,0,0,0,0,1,0.666667,1.33333,,2,2,0.333333,1,0.5,1,2,0
part_21030228,intermittent,3,1.5,3,,3,3.10913,0,0,0,0,0,0,1.5,3,,3,3.10913,0,0,0,0,3,0
part_21064676,intermittent,3,1.16667,2.33333,,3.5,3.53553,0,0,0,0,0,1,1.16667,2.33333,,3.5,3.53553,0.333333,1,0.5,1,2,0
part_21108297,intermittent,3,0.500978,1.00196,,,,0,0,0,0,0,3,0.500978,1.00196,,,,0,0,0,0,0,3
part_90552632,lumpy,3,0.836938,1.67388,,1.67388,2.08744,0,0,0,0,0,0,0.836938,1.67388,,1.67388,2.08744,0,0,0,0,0,0
part_21019428,intermittent,3,0.666667,1.33333,,2,2.23607,0,0,0,0,0,1,0.666667,1.33333,,2,2.23607,0.333333,1,0.5,1,2,0
part_21033994,lumpy,3,1.04774e-08,2.09548e-08,,,,0,0,0,0,0,3,0,0,,,,1,1,1,3,0,0
part_21050475,smooth,3,0.5,1,,1,1,0,0,0,0,0,0,0.5,1,,1,1,0,0,0,0,3,0
part_21121202,intermittent,3,2.83333,5.66667,,8.5,8.63134,0,0,0,0,0,1,2.83333,5.66667,,8.5,8.63134,0.333333,1,0.5,1,2,0
part_21137096,intermittent,3,0.333333,0.666667,,2,2,0,0,0,0,0,2,0.333333,0.666667,,2,2,0.666667,1,0.8,2,1,0
part_21048537,lumpy,3,0.833333,1.66667,,1.66667,1.73205,0,0,0,0,0,0,0.833333,1.66667,,1.66667,1.73205,0,0,0,0,3,0
part_21049942,erratic,3,0.334311,0.668622,,0.00195503,0.00195503,0,0,0,0,0,2,0.334311,0.668622,,0.00195503,0.00195503,0,0,0,0,0,2
part_21050899,smooth,3,0.334311,0.668622,,0.00195503,0.00195503,0,0,0,0,0,2,0.334311,0.668622,,0.00195503,0.00195503,0,0,0,0,0,2
part_21055608,lumpy,3,0.83315,1.6663,,3.0011,3.0011,0,0,0,0,0,2,0.83315,1.6663,,3.0011,3.0011,0,0,0,0,0,2
part_21048872,lumpy,3,0.33315,0.6663,,0.00109971,0.00109971,0,0,0,0,0,2,0.33315,0.6663,,0.00109971,0.00109971,0,0,0,0,0,2
part_21049188,smooth,3,0.250183,0.500367,,,,0,0,0,0,0,3,0.250183,0.500367,,,,0,0,0,0,0,3
part_21049438,erratic,3,0.333333,0.666667,,2,2,0,0,0,0,0,2,0.333333,0.666667,,2,2,0.666667,1,0.8,2,1,0
part_21053435,smooth,3,0.3348,0.669599,,0.669599,1.1564,0,0,0,0,0,0,0.3348,0.669599,,0.669599,1.1564,0,0,0,0,0,0
part_12075760,intermittent,3,1.66667,3.33333,,5,5,0,0,0,0,0,1,1.66667,3.33333,,5,5,0.333333,1,0.5,1,2,0
part_21049007,lumpy,3,0.333333,0.666667,,2,2,0,0,0,0,0,2,0.333333,0.666667,,2,2,0.666667,1,0.8,2,1,0
part_21049117,erratic,3,0.333456,0.666911,,0.5,0.706589,0,0,0,0,0,1,0.333456,0.666911,,0.5,0.706589,0,0,0,0,0,1
part_21049767,lumpy,3,0.333333,0.666667,,2,2,0,0,0,0,0,2,0.333333,0.666667,,2,2,0.666667,1,0.8,2,1,0
part_21069736,intermittent,3,0.5,1,,1,1,0,0,0,0,0,0,0.5,1,,1,1,0,0,0,0,3,0
part_21107875,smooth,3,0.666667,1.33333,,2,2.23607,0,0,0,0,0,1,0.666667,1.33333,,2,2.23607,0.333333,1,0.5,1,2,0
part_21312265,intermittent,3,0.500183,1.00037,,1.0011,1.41499,0,0,0,0,0,1,0.500183,1.00037,,1.0011,1.41499,0,0,0,0,0,1
part_21019582,intermittent,3,0.834637,1.66927,,1.66927,2.88224,0,0,0,0,0,0,0.834637,1.66927,,1.66927,2.88224,0,0,0,0,0,0
part_21046675,smooth,3,6.40284e-09,1.28057e-08,,,,0,0,0,0,0,3,0,0,,,,1,1,1,3,0,0
part_21050877,intermittent,3,5.23869e-09,1.04774e-08,,,,0,0,0,0,0,3,0,0,,,,1,1,1,3,0,0
part_21137177,smooth,3,0.5,1,,1.5,1.58114,0,0,0,0,0,1,0.5,1,,1.5,1.58114,0.333333,1,0.5,1,2,0
part_52467233,intermittent,3,0.500367,1.00073,,,,0,0,0,0,0,3,0.500367,1.00073,,,,0,0,0,0,0,3
part_90062622,intermittent,3,2.3392,4.6784,,4.01173,4.01173,0,0,0,0,0,1,2.3392,4.6784,,4.01173,4.01173,0,0,0,0,0,1
part_21052134,smooth,3,0.334311,0.668622,,0.00195503,0.00195503,0,0,0,0,0,2,0.334311,0.668622,,0.00195503,0.00195503,0,0,0,0,0,2
part_21057418,intermittent,3,0.5,1,,1,1,0,0,0,0,0,0,0.5,1,,1,1,0,0,0,0,3,0
part_21058581,smooth,3,0.333333,0.666667,,1,1,0,0,0,0,0,1,0.333333,0.666667,,1,1,0.333333,1,0.5,1,2,0
part_21059522,smooth,3,0.5,1,,3,3,0,0,0,0,0,2,0.5,1,,3,3,0.666667,1,0.8,2,1,0
part_21017605,smooth,3,0.166667,0.333333,,1,1,0,0,0,0,0,2,0.166667,0.333333,,1,1,0.666667,1,0.8,2,1,0
part_21055552,lumpy,3,0.5,1,,1.5,1.58114,0,0,0,0,0,1,0.5,1,,1.5,1.58114,0.333333,1,0.5,1,2,0
part_21311629,intermittent,3,0.667217,1.33443,,1.33443,1.63389,0,0,0,0,0,0,0.667217,1.33443,,1.33443,1.63389,0,0,0,0,0,0
part_21311636,smooth,3,0.333333,0.666667,,1,1,0,0,0,0,0,1,0.333333,0.666667,,1,1,0.333333,1,0.5,1,2,0
