dataset,model,c,ql_trunc,precision0,recall0,f1
parts,Autoformer,0.1,0.418003,0.733766,0.328298,0.453633
parts,Autoformer,0.25,0.415944,0.729463,0.386984,0.505695
parts,Autoformer,0.5,0.406112,0.727874,0.511331,0.600683
parts,Autoformer,0.75,0.393969,0.716378,0.625218,0.667701
parts,Autoformer,1.0,0.379782,0.708286,0.72516,0.716624
parts,Autoformer,1.5,0.289077,0.88681,0.850606,0.868331
parts,Autoformer,2.0,0.242854,0.878967,0.931808,0.904617
parts,Chronos,0.1,0.304618,0.710784,0.75828,0.733764
parts,Chronos,0.25,0.304586,0.710712,0.759442,0.73427
parts,Chronos,0.5,0.303468,0.706499,0.783266,0.742904
parts,Chronos,0.75,0.298309,0.707041,0.834399,0.765458
parts,Chronos,1.0,0.299849,0.690444,0.877397,0.772774
parts,Chronos,1.5,0.196255,0.879562,0.973082,0.923962
parts,Chronos,2.0,0.192557,0.875598,0.985195,0.927169
parts,Croston,0.1,0.435152,0,0,0
parts,Croston,0.25,0.436369,0.22807,0.00755375,0.0146232
parts,Croston,0.5,0.430675,0.52588,0.147589,0.23049
parts,Croston,0.75,0.384041,0.651786,0.509006,0.571615
parts,Croston,1.0,0.332456,0.674487,0.801859,0.732679
parts,Croston,1.5,0.198691,0.867222,0.981606,0.920875
parts,Croston,2.0,0.188856,0.866822,0.998654,0.92808
parts,DLinear,0.1,0.521346,0.6,0.21441,0.315925
parts,DLinear,0.25,0.51948,0.612565,0.271935,0.37666
parts,DLinear,0.5,0.512978,0.627772,0.378268,0.472081
parts,DLinear,0.75,0.502214,0.634017,0.485183,0.549704
parts,DLinear,1.0,0.482439,0.648289,0.594422,0.620188
parts,DLinear,1.5,0.372371,0.863456,0.78017,0.819703
parts,DLinear,2.0,0.301994,0.867105,0.886945,0.876913
parts,DeepAR,0.1,0.319077,0.726161,0.345148,0.467901
parts,DeepAR,0.25,0.313597,0.719298,0.500291,0.59013
parts,DeepAR,0.5,0.295515,0.715075,0.752469,0.733296
parts,DeepAR,0.75,0.280415,0.702099,0.913422,0.793939
parts,DeepAR,1.0,0.280487,0.684468,0.975596,0.804504
parts,DeepAR,1.5,0.18844,0.868308,0.99686,0.928154
parts,DeepAR,2.0,0.18767,0.866978,1,0.92875
parts,DeepAR-negbin,0.1,0.295994,0.706593,0.815805,0.757282
parts,DeepAR-negbin,0.25,0.295994,0.706593,0.815805,0.757282
parts,DeepAR-negbin,0.5,0.295994,0.706593,0.815805,0.757282
parts,DeepAR-negbin,0.75,0.295994,0.706593,0.815805,0.757282
parts,DeepAR-negbin,1.0,0.295994,0.706593,0.815805,0.757282
parts,DeepAR-negbin,1.5,0.187281,0.868175,0.998654,0.928855
parts,DeepAR-negbin,2.0,0.187281,0.868175,0.998654,0.928855
parts,FEDformer,0.1,0.419848,0.737127,0.316095,0.442456
parts,FEDformer,0.25,0.417,0.742188,0.386403,0.508216
parts,FEDformer,0.5,0.408259,0.735642,0.506101,0.599656
parts,FEDformer,0.75,0.398637,0.719178,0.61011,0.66017
parts,FEDformer,1.0,0.383674,0.709362,0.717606,0.71346
parts,FEDformer,1.5,0.286105,0.894068,0.851952,0.872502
parts,FEDformer,2.0,0.249866,0.881523,0.92463,0.902562
parts,HurdleDLinear,0.1,0.363294,0.657471,0.66473,0.661081
parts,HurdleDLinear,0.25,0.361589,0.662493,0.707147,0.684092
parts,HurdleDLinear,0.5,0.356732,0.665167,0.773388,0.715207
parts,HurdleDLinear,0.75,0.352237,0.664165,0.822777,0.735012
parts,HurdleDLinear,1.0,0.344614,0.667265,0.863451,0.752786
parts,HurdleDLinear,1.5,0.238965,0.86639,0.936743,0.900194
parts,HurdleDLinear,2.0,0.220137,0.866747,0.965904,0.913643
parts,LSTM,0.1,0.471139,0,0,0
parts,LSTM,0.25,0.47163,0.24,0.00348635,0.00687285
parts,LSTM,0.5,0.468214,0.519886,0.106334,0.176556
parts,LSTM,0.75,0.428364,0.658144,0.403835,0.50054
parts,LSTM,1.0,0.388585,0.675261,0.639163,0.656716
parts,LSTM,1.5,0.243025,0.868297,0.908031,0.887719
parts,LSTM,2.0,0.190901,0.867136,0.995514,0.926901
parts,MOMENT,0.1,0.358789,0.656109,0.0842533,0.149331
parts,MOMENT,0.25,0.352433,0.664021,0.291691,0.405329
parts,MOMENT,0.5,0.329784,0.664925,0.665311,0.665118
parts,MOMENT,0.75,0.303123,0.672663,0.890761,0.7665
parts,MOMENT,1.0,0.293372,0.67056,0.967461,0.792103
parts,MOMENT,1.5,0.187674,0.867264,0.999551,0.92872
parts,MOMENT,2.0,0.18767,0.866978,1,0.92875
parts,Moirai,0.1,0.331886,0.759454,0.420105,0.540965
parts,Moirai,0.25,0.329206,0.759025,0.488669,0.594556
parts,Moirai,0.5,0.320522,0.742698,0.620569,0.676163
parts,Moirai,0.75,0.308638,0.723964,0.751307,0.737382
parts,Moirai,1.0,0.294829,0.707489,0.872748,0.781478
parts,Moirai,1.5,0.196314,0.884868,0.965455,0.923407
parts,Moirai,2.0,0.18947,0.876592,0.987887,0.928918
parts,PatchMixer,0.1,0.311102,0.799582,0.222545,0.348182
parts,PatchMixer,0.25,0.301426,0.777778,0.471819,0.587342
parts,PatchMixer,0.5,0.283502,0.735574,0.762929,0.749002
parts,PatchMixer,0.75,0.273224,0.718105,0.889599,0.794705
parts,PatchMixer,1.0,0.273352,0.696791,0.958745,0.807043
parts,PatchMixer,1.5,0.181631,0.878427,0.991925,0.931732
parts,PatchMixer,2.0,0.184261,0.872399,0.99686,0.930486
parts,PatchTCN,0.1,0.328068,0.804598,0.162696,0.270662
parts,PatchTCN,0.25,0.319526,0.777778,0.382336,0.512661
parts,PatchTCN,0.5,0.297744,0.74309,0.687391,0.714156
parts,PatchTCN,0.75,0.285745,0.715764,0.844277,0.774727
parts,PatchTCN,1.0,0.282168,0.699645,0.916328,0.793459
parts,PatchTCN,1.5,0.184081,0.882923,0.981157,0.929452
parts,PatchTCN,2.0,0.183775,0.874261,0.995065,0.93076
parts,PatchTSMixer,0.1,0.351997,0.8,0.0766996,0.139979
parts,PatchTSMixer,0.25,0.344448,0.795276,0.234747,0.362494
parts,PatchTSMixer,0.5,0.31965,0.763591,0.53864,0.631687
parts,PatchTSMixer,0.75,0.295146,0.740046,0.755956,0.747916
parts,PatchTSMixer,1.0,0.286138,0.714014,0.873329,0.785677
parts,PatchTSMixer,1.5,0.190338,0.885199,0.968596,0.925021
parts,PatchTSMixer,2.0,0.184273,0.875693,0.992373,0.930389
parts,PatchTST,0.1,0.345642,0.833333,0.101685,0.181253
parts,PatchTST,0.25,0.338002,0.775701,0.289367,0.421498
parts,PatchTST,0.5,0.313301,0.755523,0.596165,0.66645
parts,PatchTST,0.75,0.295387,0.726884,0.790238,0.757238
parts,PatchTST,1.0,0.285463,0.711754,0.886694,0.789651
parts,PatchTST,1.5,0.187539,0.887931,0.97039,0.927331
parts,PatchTST,2.0,0.183295,0.877729,0.991925,0.93134
parts,SBA,0.1,0.425865,0,0,0
parts,SBA,0.25,0.427166,0.242424,0.00929692,0.0179071
parts,SBA,0.5,0.416599,0.566327,0.193492,0.288437
parts,SBA,0.75,0.370317,0.6564,0.557234,0.602766
parts,SBA,1.0,0.323562,0.67421,0.830912,0.744404
parts,SBA,1.5,0.193627,0.866902,0.990579,0.924623
parts,SBA,2.0,0.18767,0.866978,1,0.92875
parts,TCN,0.1,0.468105,0.266667,0.00232423,0.00460829
parts,TCN,0.25,0.468505,0.25641,0.00581058,0.0113636
parts,TCN,0.5,0.467611,0.473684,0.0889018,0.149706
parts,TCN,0.75,0.42591,0.650659,0.401511,0.496586
parts,TCN,1.0,0.383914,0.670652,0.651947,0.661167
parts,TCN,1.5,0.231172,0.867814,0.92777,0.896791
parts,TCN,2.0,0.189292,0.867343,0.997308,0.927796
parts,TSB,0.1,0.377923,0,0,0
parts,TSB,0.25,0.374302,0.869919,0.0621732,0.116052
parts,TSB,0.5,0.345597,0.791511,0.36839,0.502776
parts,TSB,0.75,0.310036,0.74597,0.672284,0.707213
parts,TSB,1.0,0.29461,0.71098,0.839047,0.769723
parts,TSB,1.5,0.18514,0.88124,0.982055,0.92892
parts,TSB,2.0,0.183097,0.874065,0.996411,0.931237
parts,TTM,0.1,0.373074,0.808581,0.142359,0.242095
parts,TTM,0.25,0.367233,0.771903,0.29692,0.428871
parts,TTM,0.5,0.350647,0.739693,0.531668,0.618661
parts,TTM,0.75,0.329855,0.731604,0.704823,0.717964
parts,TTM,1.0,0.316792,0.715084,0.818129,0.763144
parts,TTM,1.5,0.21858,0.894531,0.92463,0.909332
parts,TTM,2.0,0.199627,0.880682,0.973531,0.924782
parts,TimesFM,0.1,0.299989,0.761942,0.565369,0.649099
parts,TimesFM,0.25,0.296536,0.749035,0.676351,0.71084
parts,TimesFM,0.5,0.291703,0.726634,0.781522,0.75308
parts,TimesFM,0.75,0.2839,0.714083,0.875073,0.786423
parts,TimesFM,1.0,0.283712,0.697685,0.927949,0.796509
parts,TimesFM,1.5,0.188171,0.880387,0.980709,0.927844
parts,TimesFM,2.0,0.185864,0.874704,0.992822,0.930027
parts,TweedieGP,0.1,0.316357,0.706559,0.713539,0.710032
parts,TweedieGP,0.25,0.316357,0.706559,0.713539,0.710032
parts,TweedieGP,0.5,0.316189,0.70595,0.717025,0.711444
parts,TweedieGP,0.75,0.314498,0.705717,0.731551,0.718402
parts,TweedieGP,1.0,0.287468,0.691106,0.925625,0.791356
parts,TweedieGP,1.5,0.190666,0.874851,0.984747,0.926551
parts,TweedieGP,2.0,0.189593,0.869992,0.993719,0.927749
parts,WaveNet-like,0.1,0.455341,0,0,0
parts,WaveNet-like,0.25,0.455875,0.258065,0.00464846,0.00913242
parts,WaveNet-like,0.5,0.451553,0.534177,0.122603,0.199433
parts,WaveNet-like,0.75,0.409913,0.657736,0.442185,0.528839
parts,WaveNet-like,1.0,0.370543,0.669291,0.691458,0.680194
parts,WaveNet-like,1.5,0.221403,0.86971,0.940332,0.903643
parts,WaveNet-like,2.0,0.188431,0.867446,0.998205,0.928244
fresh_retail,Autoformer,0.1,0.327933,0.578236,0.191682,0.28792
fresh_retail,Autoformer,0.25,0.327719,0.552804,0.319906,0.405279
fresh_retail,Autoformer,0.5,0.330856,0.506314,0.564236,0.533708
fresh_retail,Autoformer,0.75,0.345637,0.460951,0.764678,0.57518
fresh_retail,Autoformer,1.0,0.372948,0.422734,0.8818,0.571494
fresh_retail,Autoformer,1.5,0.222895,0.890339,0.940981,0.91496
fresh_retail,Autoformer,2.0,0.233076,0.854299,0.977607,0.911803
fresh_retail,Chronos,0.1,0.274678,0.558859,0.606046,0.581497
fresh_retail,Chronos,0.25,0.274679,0.558763,0.606806,0.581795
fresh_retail,Chronos,0.5,0.275641,0.550096,0.635278,0.589627
fresh_retail,Chronos,0.75,0.276881,0.540599,0.668196,0.597663
fresh_retail,Chronos,1.0,0.335317,0.429789,0.801768,0.559602
fresh_retail,Chronos,1.5,0.191008,0.896514,0.958327,0.92639
fresh_retail,Chronos,2.0,0.213185,0.860652,0.977443,0.915337
fresh_retail,Croston,0.1,0.300812,0.256352,0.00401308,0.00790246
fresh_retail,Croston,0.25,0.300169,0.510853,0.138133,0.217465
fresh_retail,Croston,0.5,0.29599,0.539127,0.638089,0.584449
fresh_retail,Croston,0.75,0.31445,0.476394,0.849651,0.61049
fresh_retail,Croston,1.0,0.349888,0.42362,0.930257,0.582144
fresh_retail,Croston,1.5,0.191063,0.898727,0.959728,0.928226
fresh_retail,Croston,2.0,0.212616,0.856676,0.985358,0.916523
fresh_retail,DLinear,0.1,0.36766,0.47294,0.139813,0.215823
fresh_retail,DLinear,0.25,0.367861,0.47985,0.275117,0.349724
fresh_retail,DLinear,0.5,0.371556,0.46684,0.553655,0.506555
fresh_retail,DLinear,0.75,0.386771,0.435988,0.771175,0.557047
fresh_retail,DLinear,1.0,0.415072,0.403082,0.886874,0.554256
fresh_retail,DLinear,1.5,0.258881,0.867223,0.94708,0.905394
fresh_retail,DLinear,2.0,0.268831,0.836937,0.97864,0.902258
fresh_retail,DeepAR,0.1,0.296143,0.663985,0.368382,0.473862
fresh_retail,DeepAR,0.25,0.296096,0.649094,0.399204,0.494365
fresh_retail,DeepAR,0.5,0.299398,0.562443,0.62003,0.589834
fresh_retail,DeepAR,0.75,0.324345,0.471256,0.845116,0.605097
fresh_retail,DeepAR,1.0,0.367271,0.41061,0.940785,0.571699
fresh_retail,DeepAR,1.5,0.202522,0.879725,0.97464,0.924753
fresh_retail,DeepAR,2.0,0.225706,0.842988,0.992256,0.911551
fresh_retail,DeepAR-negbin,0.1,0.30113,0.499249,0.778379,0.608322
fresh_retail,DeepAR-negbin,0.25,0.30113,0.499249,0.778379,0.608322
fresh_retail,DeepAR-negbin,0.5,0.30113,0.499249,0.778379,0.608322
fresh_retail,DeepAR-negbin,0.75,0.30113,0.499249,0.778379,0.608322
fresh_retail,DeepAR-negbin,1.0,0.30113,0.499249,0.778379,0.608322
fresh_retail,DeepAR-negbin,1.5,0.202209,0.876935,0.975819,0.923738
fresh_retail,DeepAR-negbin,2.0,0.202209,0.876935,0.975819,0.923738
fresh_retail,FEDformer,0.1,0.325709,0.590722,0.193158,0.291123
fresh_retail,FEDformer,0.25,0.325463,0.560489,0.320702,0.40797
fresh_retail,FEDformer,0.5,0.328796,0.508925,0.567277,0.536519
fresh_retail,FEDformer,0.75,0.343776,0.462205,0.767612,0.576987
fresh_retail,FEDformer,1.0,0.371321,0.423389,0.884266,0.57261
fresh_retail,FEDformer,1.5,0.221489,0.890689,0.941452,0.915367
fresh_retail,FEDformer,2.0,0.231844,0.854554,0.977946,0.912096
fresh_retail,HurdleDLinear,0.1,0.474665,0.338063,0.586272,0.428843
fresh_retail,HurdleDLinear,0.25,0.474946,0.347369,0.65019,0.452817
fresh_retail,HurdleDLinear,0.5,0.477181,0.360363,0.782436,0.493457
fresh_retail,HurdleDLinear,0.75,0.484904,0.361375,0.888252,0.513741
fresh_retail,HurdleDLinear,1.0,0.498826,0.353835,0.944047,0.514741
fresh_retail,HurdleDLinear,1.5,0.303711,0.81958,0.974735,0.890449
fresh_retail,HurdleDLinear,2.0,0.308639,0.806987,0.989895,0.889131
fresh_retail,LSTM,0.1,0.360806,0.310982,0.0365685,0.0654418
fresh_retail,LSTM,0.25,0.361257,0.405595,0.133545,0.200932
fresh_retail,LSTM,0.5,0.359331,0.492116,0.59642,0.539271
fresh_retail,LSTM,0.75,0.378529,0.444334,0.817131,0.575647
fresh_retail,LSTM,1.0,0.412488,0.401807,0.911093,0.557672
fresh_retail,LSTM,1.5,0.253951,0.864971,0.953295,0.906988
fresh_retail,LSTM,2.0,0.267902,0.833388,0.980315,0.9009
fresh_retail,MOMENT,0.1,0.458723,0.377682,0.000777866,0.00155253
fresh_retail,MOMENT,0.25,0.45876,0.390572,0.00307611,0.00610414
fresh_retail,MOMENT,0.5,0.461119,0.365113,0.0486785,0.0859039
fresh_retail,MOMENT,0.75,0.483726,0.339444,0.266136,0.298353
fresh_retail,MOMENT,1.0,0.535691,0.33122,0.607222,0.428634
fresh_retail,MOMENT,1.5,0.380998,0.786575,0.936087,0.854843
fresh_retail,MOMENT,2.0,0.358787,0.783786,0.989041,0.874531
fresh_retail,Moirai,0.1,0.285823,0.603554,0.351313,0.444117
fresh_retail,Moirai,0.25,0.285112,0.596732,0.453275,0.515204
fresh_retail,Moirai,0.5,0.285401,0.569722,0.600698,0.5848
fresh_retail,Moirai,0.75,0.295972,0.516279,0.746805,0.610505
fresh_retail,Moirai,1.0,0.344273,0.43121,0.897719,0.582583
fresh_retail,Moirai,1.5,0.192218,0.897075,0.95986,0.927406
fresh_retail,Moirai,2.0,0.212225,0.856386,0.986756,0.916961
fresh_retail,PatchMixer,0.1,0.283275,0.769606,0.139309,0.235914
fresh_retail,PatchMixer,0.25,0.280867,0.689495,0.339158,0.454668
fresh_retail,PatchMixer,0.5,0.282417,0.577948,0.641863,0.608231
fresh_retail,PatchMixer,0.75,0.30361,0.490704,0.836383,0.618522
fresh_retail,PatchMixer,1.0,0.344009,0.427128,0.930187,0.585434
fresh_retail,PatchMixer,1.5,0.186005,0.900614,0.962549,0.930552
fresh_retail,PatchMixer,2.0,0.208658,0.85757,0.987738,0.918063
fresh_retail,PatchTCN,0.1,0.290032,0.804596,0.0652966,0.12079
fresh_retail,PatchTCN,0.25,0.287841,0.7071,0.218068,0.333336
fresh_retail,PatchTCN,0.5,0.2863,0.584312,0.572324,0.578256
fresh_retail,PatchTCN,0.75,0.306219,0.49204,0.814399,0.613449
fresh_retail,PatchTCN,1.0,0.342466,0.432984,0.915195,0.587852
fresh_retail,PatchTCN,1.5,0.189919,0.904711,0.952678,0.928075
fresh_retail,PatchTCN,2.0,0.209422,0.861069,0.982975,0.917992
fresh_retail,PatchTSMixer,0.1,0.297084,0.790516,0.0564395,0.105357
fresh_retail,PatchTSMixer,0.25,0.294516,0.683117,0.247892,0.363776
fresh_retail,PatchTSMixer,0.5,0.294551,0.566282,0.616388,0.590274
fresh_retail,PatchTSMixer,0.75,0.315012,0.484493,0.836401,0.61357
fresh_retail,PatchTSMixer,1.0,0.353278,0.425228,0.926041,0.582828
fresh_retail,PatchTSMixer,1.5,0.197586,0.896032,0.958375,0.926155
fresh_retail,PatchTSMixer,2.0,0.219398,0.853767,0.984253,0.914378
fresh_retail,PatchTST,0.1,0.289268,0.7655,0.0891629,0.159722
fresh_retail,PatchTST,0.25,0.286859,0.686997,0.271714,0.389412
fresh_retail,PatchTST,0.5,0.286792,0.576457,0.607575,0.591607
fresh_retail,PatchTST,0.75,0.306592,0.491241,0.822231,0.615032
fresh_retail,PatchTST,1.0,0.345285,0.429463,0.922417,0.586063
fresh_retail,PatchTST,1.5,0.190724,0.900383,0.957922,0.928262
fresh_retail,PatchTST,2.0,0.211768,0.857247,0.985789,0.917035
fresh_retail,SBA,0.1,0.307125,0.266971,0.00465836,0.00915694
fresh_retail,SBA,0.25,0.306121,0.524379,0.168072,0.254555
fresh_retail,SBA,0.5,0.303407,0.532291,0.672518,0.594244
fresh_retail,SBA,0.75,0.32489,0.466446,0.868275,0.606874
fresh_retail,SBA,1.0,0.361032,0.415614,0.940166,0.576415
fresh_retail,SBA,1.5,0.19732,0.891253,0.966046,0.927143
fresh_retail,SBA,2.0,0.220844,0.850459,0.987614,0.913919
fresh_retail,TCN,0.1,0.353965,0.299725,0.0288783,0.0526808
fresh_retail,TCN,0.25,0.353535,0.456652,0.156068,0.232631
fresh_retail,TCN,0.5,0.352242,0.502004,0.596765,0.545298
fresh_retail,TCN,0.75,0.371537,0.450304,0.820304,0.581433
fresh_retail,TCN,1.0,0.406762,0.404829,0.915619,0.561429
fresh_retail,TCN,1.5,0.248536,0.86842,0.954867,0.909594
fresh_retail,TCN,2.0,0.264622,0.834751,0.981038,0.902002
fresh_retail,TSB,0.1,0.288178,0.792319,0.0742243,0.135733
fresh_retail,TSB,0.25,0.28545,0.699542,0.267586,0.3871
fresh_retail,TSB,0.5,0.28544,0.578748,0.613648,0.595687
fresh_retail,TSB,0.75,0.305989,0.491113,0.833572,0.618076
fresh_retail,TSB,1.0,0.345862,0.427896,0.929029,0.585924
fresh_retail,TSB,1.5,0.189828,0.899917,0.959666,0.928832
fresh_retail,TSB,2.0,0.21195,0.856604,0.986172,0.916833
fresh_retail,TTM,0.1,0.297991,0.719157,0.0913551,0.162116
fresh_retail,TTM,0.25,0.295944,0.653209,0.275736,0.38778
fresh_retail,TTM,0.5,0.296618,0.559673,0.608972,0.583283
fresh_retail,TTM,0.75,0.315514,0.484814,0.825316,0.610817
fresh_retail,TTM,1.0,0.353888,0.425559,0.924485,0.582829
fresh_retail,TTM,1.5,0.198541,0.895649,0.95771,0.925641
fresh_retail,TTM,2.0,0.219132,0.854163,0.984577,0.914745
fresh_retail,TimesFM,0.1,0.269422,0.621285,0.486962,0.545983
fresh_retail,TimesFM,0.25,0.269641,0.596627,0.56451,0.580124
fresh_retail,TimesFM,0.5,0.271081,0.571127,0.643516,0.605165
fresh_retail,TimesFM,0.75,0.278535,0.532037,0.74859,0.622004
fresh_retail,TimesFM,1.0,0.331799,0.437102,0.916786,0.591968
fresh_retail,TimesFM,1.5,0.182261,0.900818,0.963845,0.931266
fresh_retail,TimesFM,2.0,0.204045,0.859295,0.98911,0.919644
fresh_retail,TweedieGP,0.1,0.325693,0.48428,0.811641,0.606614
fresh_retail,TweedieGP,0.25,0.325693,0.48428,0.81165,0.606616
fresh_retail,TweedieGP,0.5,0.325734,0.484119,0.812039,0.606598
fresh_retail,TweedieGP,0.75,0.330095,0.472312,0.825864,0.600944
fresh_retail,TweedieGP,1.0,0.385662,0.402951,0.940582,0.564196
fresh_retail,TweedieGP,1.5,0.217704,0.875742,0.967498,0.919336
fresh_retail,TweedieGP,2.0,0.236556,0.84425,0.984504,0.908999
fresh_retail,WaveNet-like,0.1,0.348529,0.336589,0.0246707,0.0459719
fresh_retail,WaveNet-like,0.25,0.348177,0.475394,0.166172,0.246263
fresh_retail,WaveNet-like,0.5,0.347122,0.50465,0.598117,0.547423
fresh_retail,WaveNet-like,0.75,0.365518,0.45414,0.821329,0.58488
fresh_retail,WaveNet-like,1.0,0.401611,0.406463,0.916114,0.563093
fresh_retail,WaveNet-like,1.5,0.243479,0.871205,0.95517,0.911258
fresh_retail,WaveNet-like,2.0,0.260481,0.835944,0.982074,0.903136
m5,Autoformer,0.1,0.597192,0.751046,0.249213,0.374244
m5,Autoformer,0.25,0.591502,0.763214,0.412767,0.535773
m5,Autoformer,0.5,0.579892,0.743273,0.611052,0.670708
m5,Autoformer,0.75,0.572231,0.717779,0.733724,0.725664
m5,Autoformer,1.0,0.570009,0.695172,0.81004,0.748223
m5,Autoformer,1.5,0.514958,0.85977,0.868849,0.864285
m5,Autoformer,2.0,0.503788,0.840349,0.919303,0.878055
m5,Chronos,0.1,0.50419,0.743254,0.75394,0.748559
m5,Chronos,0.25,0.504183,0.743143,0.754348,0.748704
m5,Chronos,0.5,0.503894,0.734042,0.777578,0.755183
m5,Chronos,0.75,0.503631,0.727595,0.795554,0.760059
m5,Chronos,1.0,0.510727,0.68665,0.868992,0.767134
m5,Chronos,1.5,0.45265,0.854482,0.91499,0.883702
m5,Chronos,2.0,0.451483,0.838123,0.943448,0.887672
m5,Croston,0.1,0.548825,0.8901,0.125636,0.220192
m5,Croston,0.25,0.539927,0.843542,0.365452,0.509968
m5,Croston,0.5,0.525593,0.785085,0.607917,0.685235
m5,Croston,0.75,0.518344,0.742383,0.742068,0.742226
m5,Croston,1.0,0.518198,0.709261,0.823165,0.76198
m5,Croston,1.5,0.46379,0.869823,0.881812,0.875776
m5,Croston,2.0,0.456548,0.846574,0.929944,0.886302
m5,DLinear,0.1,0.510281,0.907776,0.162913,0.276249
m5,DLinear,0.25,0.501183,0.856961,0.405707,0.550699
m5,DLinear,0.5,0.486894,0.792741,0.653597,0.716476
m5,DLinear,0.75,0.481628,0.745035,0.782848,0.763473
m5,DLinear,1.0,0.483269,0.710712,0.858078,0.777473
m5,DLinear,1.5,0.429813,0.867736,0.905352,0.886145
m5,DLinear,2.0,0.427529,0.844367,0.945498,0.892076
m5,DeepAR,0.1,0.495947,0.709668,0.823619,0.762409
m5,DeepAR,0.25,0.496017,0.696732,0.859741,0.769701
m5,DeepAR,0.5,0.497159,0.679094,0.900866,0.774415
m5,DeepAR,0.75,0.500137,0.664089,0.927426,0.773971
m5,DeepAR,1.0,0.504598,0.651782,0.945207,0.771538
m5,DeepAR,1.5,0.435067,0.836258,0.953254,0.890931
m5,DeepAR,2.0,0.43939,0.822413,0.969492,0.889916
m5,DeepAR-negbin,0.1,0.489576,0.740003,0.793554,0.765844
m5,DeepAR-negbin,0.25,0.489576,0.740003,0.793554,0.765844
m5,DeepAR-negbin,0.5,0.489576,0.740003,0.793554,0.765844
m5,DeepAR-negbin,0.75,0.489576,0.740003,0.793554,0.765844
m5,DeepAR-negbin,1.0,0.489576,0.740003,0.793554,0.765844
m5,DeepAR-negbin,1.5,0.440813,0.853818,0.925609,0.888266
m5,DeepAR-negbin,2.0,0.440813,0.853818,0.925609,0.888266
m5,FEDformer,0.1,0.606918,0.735342,0.259162,0.383252
m5,FEDformer,0.25,0.601411,0.75173,0.418222,0.537441
m5,FEDformer,0.5,0.590072,0.736671,0.610756,0.66783
m5,FEDformer,0.75,0.582378,0.713499,0.731468,0.722372
m5,FEDformer,1.0,0.579799,0.692198,0.808044,0.745648
m5,FEDformer,1.5,0.524259,0.85811,0.867074,0.862569
m5,FEDformer,2.0,0.512312,0.839387,0.918003,0.876936
m5,HurdleDLinear,0.1,0.572966,0.632986,0.634174,0.633579
m5,HurdleDLinear,0.25,0.569729,0.650474,0.718574,0.68283
m5,HurdleDLinear,0.5,0.563639,0.655565,0.830165,0.732606
m5,HurdleDLinear,0.75,0.561916,0.646529,0.893336,0.750154
m5,HurdleDLinear,1.0,0.563895,0.635642,0.930537,0.755327
m5,HurdleDLinear,1.5,0.492906,0.813968,0.952573,0.877833
m5,HurdleDLinear,2.0,0.493293,0.802671,0.973931,0.880047
m5,LSTM,0.1,0.529791,0.830083,0.19509,0.315929
m5,LSTM,0.25,0.521148,0.820265,0.432381,0.566269
m5,LSTM,0.5,0.508152,0.772869,0.665023,0.714901
m5,LSTM,0.75,0.503074,0.73237,0.788484,0.759392
m5,LSTM,1.0,0.504648,0.701988,0.859235,0.772693
m5,LSTM,1.5,0.450775,0.860894,0.90395,0.881897
m5,LSTM,2.0,0.44827,0.838178,0.944464,0.888152
m5,MOMENT,0.1,0.809258,0.621343,0.0240436,0.0462958
m5,MOMENT,0.25,0.807028,0.684754,0.095369,0.167421
m5,MOMENT,0.5,0.797552,0.676206,0.273937,0.389916
m5,MOMENT,0.75,0.787259,0.654162,0.428945,0.518138
m5,MOMENT,1.0,0.778438,0.635104,0.560844,0.595668
m5,MOMENT,1.5,0.720916,0.798465,0.743138,0.769809
m5,MOMENT,2.0,0.6812,0.781642,0.856089,0.817173
m5,Moirai,0.1,0.51065,0.762368,0.51858,0.617275
m5,Moirai,0.25,0.509064,0.75431,0.579016,0.65514
m5,Moirai,0.5,0.505353,0.744465,0.649415,0.693699
m5,Moirai,0.75,0.501622,0.723909,0.72492,0.724414
m5,Moirai,1.0,0.49372,0.691303,0.862933,0.767642
m5,Moirai,1.5,0.4349,0.860232,0.910418,0.884614
m5,Moirai,2.0,0.431964,0.83854,0.949744,0.890685
m5,PatchMixer,0.1,0.491881,0.869948,0.31596,0.463558
m5,PatchMixer,0.25,0.48508,0.829842,0.522404,0.641174
m5,PatchMixer,0.5,0.476221,0.775981,0.710977,0.742058
m5,PatchMixer,0.75,0.473834,0.734467,0.815714,0.772961
m5,PatchMixer,1.0,0.477148,0.703738,0.876781,0.780786
m5,PatchMixer,1.5,0.422621,0.86425,0.914663,0.888742
m5,PatchMixer,2.0,0.422022,0.841939,0.950799,0.893064
m5,PatchTCN,0.1,0.510076,0.901485,0.177526,0.296636
m5,PatchTCN,0.25,0.500855,0.855315,0.425717,0.568482
m5,PatchTCN,0.5,0.487409,0.791477,0.665408,0.722988
m5,PatchTCN,0.75,0.482505,0.745374,0.789891,0.766987
m5,PatchTCN,1.0,0.484702,0.710981,0.862051,0.779262
m5,PatchTCN,1.5,0.432338,0.86768,0.904953,0.885924
m5,PatchTCN,2.0,0.429768,0.844345,0.945675,0.892142
m5,PatchTSMixer,0.1,0.5024,0.899351,0.1674,0.282261
m5,PatchTSMixer,0.25,0.492905,0.85429,0.421448,0.56444
m5,PatchTSMixer,0.5,0.478983,0.791141,0.667685,0.724189
m5,PatchTSMixer,0.75,0.474116,0.744412,0.793569,0.768205
m5,PatchTSMixer,1.0,0.476466,0.710618,0.86387,0.779786
m5,PatchTSMixer,1.5,0.423136,0.868261,0.907587,0.887489
m5,PatchTSMixer,2.0,0.421058,0.845024,0.947187,0.893194
m5,PatchTST,0.1,0.504722,0.895791,0.187914,0.310659
m5,PatchTST,0.25,0.495856,0.854145,0.424907,0.567502
m5,PatchTST,0.5,0.482325,0.793173,0.662424,0.721926
m5,PatchTST,0.75,0.477059,0.747188,0.788428,0.767254
m5,PatchTST,1.0,0.479099,0.71291,0.86033,0.779713
m5,PatchTST,1.5,0.426833,0.869359,0.903988,0.886335
m5,PatchTST,2.0,0.423783,0.846242,0.944964,0.892882
m5,SBA,0.1,0.540518,0.887442,0.134725,0.233936
m5,SBA,0.25,0.531535,0.83971,0.381164,0.524325
m5,SBA,0.5,0.517673,0.779671,0.625399,0.694065
m5,SBA,0.75,0.511321,0.736779,0.757291,0.746894
m5,SBA,1.0,0.512149,0.703769,0.835535,0.764012
m5,SBA,1.5,0.456356,0.865415,0.892176,0.878592
m5,SBA,2.0,0.451537,0.842615,0.936152,0.886924
m5,TCN,0.1,0.518772,0.855213,0.174094,0.289296
m5,TCN,0.25,0.509919,0.835837,0.413139,0.55296
m5,TCN,0.5,0.495795,0.783797,0.655472,0.713914
m5,TCN,0.75,0.490045,0.740124,0.784894,0.761851
m5,TCN,1.0,0.492025,0.705504,0.861441,0.775713
m5,TCN,1.5,0.438034,0.863017,0.907979,0.884927
m5,TCN,2.0,0.436683,0.839874,0.946861,0.890164
m5,TSB,0.1,0.518352,0.885282,0.226695,0.360959
m5,TSB,0.25,0.511166,0.851351,0.420385,0.562845
m5,TSB,0.5,0.497745,0.797347,0.64427,0.712681
m5,TSB,0.75,0.491454,0.753654,0.76976,0.761622
m5,TSB,1.0,0.492181,0.719223,0.84617,0.777549
m5,TSB,1.5,0.441798,0.873639,0.891837,0.882644
m5,TSB,2.0,0.436385,0.849344,0.938012,0.891478
m5,TTM,0.1,0.505529,0.897551,0.175197,0.293169
m5,TTM,0.25,0.496231,0.853695,0.424943,0.567434
m5,TTM,0.5,0.482683,0.79102,0.666141,0.723229
m5,TTM,0.75,0.477804,0.743907,0.792955,0.767648
m5,TTM,1.0,0.480128,0.710404,0.862834,0.779234
m5,TTM,1.5,0.42714,0.86771,0.906444,0.886654
m5,TTM,2.0,0.424616,0.844856,0.946291,0.892701
m5,Timer,0.1,0.785314,0.603631,0.000830454,0.00165863
m5,Timer,0.25,0.784168,0.758115,0.03004,0.05779
m5,Timer,0.5,0.771924,0.716861,0.223663,0.340948
m5,Timer,0.75,0.760861,0.667415,0.397692,0.498402
m5,Timer,1.0,0.75107,0.630028,0.581241,0.604652
m5,Timer,1.5,0.68865,0.788216,0.781689,0.784939
m5,Timer,2.0,0.651301,0.772077,0.892092,0.827757
m5,TimesFM,0.1,0.47717,0.779669,0.702208,0.738914
m5,TimesFM,0.25,0.476639,0.762189,0.749315,0.755697
m5,TimesFM,0.5,0.47616,0.743497,0.794743,0.768266
m5,TimesFM,0.75,0.476625,0.722927,0.840309,0.777211
m5,TimesFM,1.0,0.482225,0.690473,0.899232,0.781146
m5,TimesFM,1.5,0.424953,0.85341,0.932506,0.891206
m5,TimesFM,2.0,0.427749,0.833752,0.959655,0.892284
m5,TweedieGP,0.1,0.500372,0.698755,0.863616,0.772487
m5,TweedieGP,0.25,0.500392,0.698325,0.864303,0.772499
m5,TweedieGP,0.5,0.500627,0.695609,0.869205,0.772778
m5,TweedieGP,0.75,0.501881,0.687583,0.883191,0.773208
m5,TweedieGP,1.0,0.506509,0.669355,0.916634,0.773717
m5,TweedieGP,1.5,0.444025,0.842315,0.939944,0.888456
m5,TweedieGP,2.0,0.447596,0.824034,0.964768,0.888864
m5,WaveNet-like,0.1,0.520147,0.881149,0.157147,0.266726
m5,WaveNet-like,0.25,0.511018,0.844616,0.401459,0.544235
m5,WaveNet-like,0.5,0.496588,0.787656,0.648166,0.711136
m5,WaveNet-like,0.75,0.490316,0.743487,0.780417,0.761504
m5,WaveNet-like,1.0,0.492248,0.708217,0.856975,0.775527
m5,WaveNet-like,1.5,0.438686,0.863907,0.906829,0.884848
m5,WaveNet-like,2.0,0.43746,0.839932,0.946705,0.890128
